metric,m0,m1,diff,ci_low,ci_high,n_prompts,n_m0,n_m1,direction,scale,contrast,kind,m0_tag,m1_tag,split,role,source,n_anchors
next_event_close_rate,0.28439922480620156,0.10610465116279069,-0.17829457364341086,-0.21560077519379847,-0.14222440944881892,119,129,129,m1_lower,8B,raw - cleaned (s42),treatment,qwen3-8b-cleanv2,qwen3-8b-keep4-s42,test,all,all,129
continue_rate,0.7156007751937985,0.8938953488372093,0.17829457364341084,0.14222440944881898,0.2156007751937985,119,129,129,m1_higher,8B,raw - cleaned (s42),treatment,qwen3-8b-cleanv2,qwen3-8b-keep4-s42,test,all,all,129
eos_without_close_rate,0.0,0.0,0.0,0.0,0.0,119,129,129,interval_covers_zero,8B,raw - cleaned (s42),treatment,qwen3-8b-cleanv2,qwen3-8b-keep4-s42,test,all,all,129
unresolved_rate,0.0,0.0,0.0,0.0,0.0,119,129,129,interval_covers_zero,8B,raw - cleaned (s42),treatment,qwen3-8b-cleanv2,qwen3-8b-keep4-s42,test,all,all,129
margin_first_policy,-3.989479512735328,-5.968992248062016,-1.9795127353266881,-2.210022108843539,-1.7480487106437976,119,129,129,m1_lower,8B,raw - cleaned (s42),treatment,qwen3-8b-cleanv2,qwen3-8b-keep4-s42,test,all,all,129
margin_first_raw,-4.292635658914729,-5.678294573643411,-1.3856589147286824,-1.5470154761904769,-1.2236340974506583,119,129,129,m1_lower,8B,raw - cleaned (s42),treatment,qwen3-8b-cleanv2,qwen3-8b-keep4-s42,test,all,all,129
close_prob_pre_filter,0.2971945129599818,0.13237761666510725,-0.16481689629487453,-0.19332780058532983,-0.13706771966200224,119,129,129,m1_lower,8B,raw - cleaned (s42),treatment,qwen3-8b-cleanv2,qwen3-8b-keep4-s42,test,all,all,129
close_sampler_prob,0.2954236127267251,0.11223160488658397,-0.18319200784014117,-0.2183034331828326,-0.14930807264246512,119,129,129,m1_lower,8B,raw - cleaned (s42),treatment,qwen3-8b-cleanv2,qwen3-8b-keep4-s42,test,all,all,129
eos_after_forced_close_prob,0.9999999742029707,0.9999998325754911,-1.4162747963286648e-07,-2.6367012577743766e-07,-6.65970366714453e-08,119,129,129,m1_lower,8B,raw - cleaned (s42),treatment,qwen3-8b-cleanv2,qwen3-8b-keep4-s42,test,all,all,129
next_event_close_rate,0.19057377049180327,0.020491803278688523,-0.17008196721311475,-0.2192622950819672,-0.12397540983606557,61,61,61,m1_lower,8B,raw - cleaned (s42),treatment,qwen3-8b-cleanv2,qwen3-8b-keep4-s42,test,all,qwen3-8b-cleanv2,61
continue_rate,0.8094262295081968,0.9795081967213115,0.17008196721311475,0.12397540983606559,0.21926229508196715,61,61,61,m1_higher,8B,raw - cleaned (s42),treatment,qwen3-8b-cleanv2,qwen3-8b-keep4-s42,test,all,qwen3-8b-cleanv2,61
eos_without_close_rate,0.0,0.0,0.0,0.0,0.0,61,61,61,interval_covers_zero,8B,raw - cleaned (s42),treatment,qwen3-8b-cleanv2,qwen3-8b-keep4-s42,test,all,qwen3-8b-cleanv2,61
unresolved_rate,0.0,0.0,0.0,0.0,0.0,61,61,61,interval_covers_zero,8B,raw - cleaned (s42),treatment,qwen3-8b-cleanv2,qwen3-8b-keep4-s42,test,all,qwen3-8b-cleanv2,61
margin_first_policy,-4.555035128805621,-7.037470725995318,-2.4824355971896974,-2.836724238875881,-2.1457113583138185,61,61,61,m1_lower,8B,raw - cleaned (s42),treatment,qwen3-8b-cleanv2,qwen3-8b-keep4-s42,test,all,qwen3-8b-cleanv2,61
margin_first_raw,-4.688524590163935,-6.426229508196721,-1.7377049180327866,-1.9857069672131147,-1.5019979508196721,61,61,61,m1_lower,8B,raw - cleaned (s42),treatment,qwen3-8b-cleanv2,qwen3-8b-keep4-s42,test,all,qwen3-8b-cleanv2,61
close_prob_pre_filter,0.20350519319013588,0.053706001853312764,-0.14979919133682312,-0.18704890255021395,-0.11442327351888695,61,61,61,m1_lower,8B,raw - cleaned (s42),treatment,qwen3-8b-cleanv2,qwen3-8b-keep4-s42,test,all,qwen3-8b-cleanv2,61
close_sampler_prob,0.19743065268783147,0.024088470224842215,-0.17334218246298927,-0.21817252857874572,-0.12798205698689763,61,61,61,m1_lower,8B,raw - cleaned (s42),treatment,qwen3-8b-cleanv2,qwen3-8b-keep4-s42,test,all,qwen3-8b-cleanv2,61
eos_after_forced_close_prob,0.9999999683104538,0.999999842793833,-1.2551662076365488e-07,-2.2250781992472212e-07,-6.06294957489207e-08,61,61,61,m1_lower,8B,raw - cleaned (s42),treatment,qwen3-8b-cleanv2,qwen3-8b-keep4-s42,test,all,qwen3-8b-cleanv2,61
next_event_close_rate,0.36856617647058826,0.18290441176470587,-0.1856617647058824,-0.24053383649932156,-0.1352574215320457,63,68,68,m1_lower,8B,raw - cleaned (s42),treatment,qwen3-8b-cleanv2,qwen3-8b-keep4-s42,test,all,qwen3-8b-keep4-s42,68
continue_rate,0.6314338235294118,0.8170955882352942,0.18566176470588236,0.13525742153204562,0.2405338364993216,63,68,68,m1_higher,8B,raw - cleaned (s42),treatment,qwen3-8b-cleanv2,qwen3-8b-keep4-s42,test,all,qwen3-8b-keep4-s42,68
eos_without_close_rate,0.0,0.0,0.0,0.0,0.0,63,68,68,interval_covers_zero,8B,raw - cleaned (s42),treatment,qwen3-8b-cleanv2,qwen3-8b-keep4-s42,test,all,qwen3-8b-keep4-s42,68
unresolved_rate,0.0,0.0,0.0,0.0,0.0,63,68,68,interval_covers_zero,8B,raw - cleaned (s42),treatment,qwen3-8b-cleanv2,qwen3-8b-keep4-s42,test,all,qwen3-8b-keep4-s42,68
margin_first_policy,-3.4821428571428577,-5.010504201680673,-1.5283613445378155,-1.79885448497581,-1.2904626623376632,63,68,68,m1_lower,8B,raw - cleaned (s42),treatment,qwen3-8b-cleanv2,qwen3-8b-keep4-s42,test,all,qwen3-8b-keep4-s42,68
margin_first_raw,-3.9375,-5.007352941176471,-1.069852941176471,-1.2591981394830656,-0.903323863636364,63,68,68,m1_lower,8B,raw - cleaned (s42),treatment,qwen3-8b-cleanv2,qwen3-8b-keep4-s42,test,all,qwen3-8b-keep4-s42,68
close_prob_pre_filter,0.38123934392999076,0.2029506828933346,-0.17828866103665617,-0.2204696606641088,-0.1367194971718706,63,68,68,m1_lower,8B,raw - cleaned (s42),treatment,qwen3-8b-cleanv2,qwen3-8b-keep4-s42,test,all,qwen3-8b-keep4-s42,68
close_sampler_prob,0.3833290621733797,0.1913011815684406,-0.1920278806049391,-0.24355089478486777,-0.14192220772203343,63,68,68,m1_lower,8B,raw - cleaned (s42),treatment,qwen3-8b-cleanv2,qwen3-8b-keep4-s42,test,all,qwen3-8b-keep4-s42,68
eos_after_forced_close_prob,0.9999999794889052,0.999999823409037,-1.560798681410347e-07,-3.64923244844384e-07,-4.6762228839147824e-08,63,68,68,m1_lower,8B,raw - cleaned (s42),treatment,qwen3-8b-cleanv2,qwen3-8b-keep4-s42,test,all,qwen3-8b-keep4-s42,68
next_event_close_rate,0.5125,0.19375,-0.31875,-0.36267605633802813,-0.27807734425697594,67,70,70,m1_lower,8B,raw - cleaned (s42),treatment,qwen3-8b-cleanv2,qwen3-8b-keep4-s42,test,natural_stop,all,70
continue_rate,0.4875,0.80625,0.31875000000000003,0.27807734425697594,0.36267605633802813,67,70,70,m1_higher,8B,raw - cleaned (s42),treatment,qwen3-8b-cleanv2,qwen3-8b-keep4-s42,test,natural_stop,all,70
eos_without_close_rate,0.0,0.0,0.0,0.0,0.0,67,70,70,interval_covers_zero,8B,raw - cleaned (s42),treatment,qwen3-8b-cleanv2,qwen3-8b-keep4-s42,test,natural_stop,all,70
unresolved_rate,0.0,0.0,0.0,0.0,0.0,67,70,70,interval_covers_zero,8B,raw - cleaned (s42),treatment,qwen3-8b-cleanv2,qwen3-8b-keep4-s42,test,natural_stop,all,70
margin_first_policy,0.09693877551020437,-1.7423469387755104,-1.8392857142857149,-2.1061759054425826,-1.5790714655427391,67,70,70,m1_lower,8B,raw - cleaned (s42),treatment,qwen3-8b-cleanv2,qwen3-8b-keep4-s42,test,natural_stop,all,70
margin_first_raw,-1.4321428571428572,-2.719642857142857,-1.2874999999999999,-1.4743231338098075,-1.1053500258799172,67,70,70,m1_lower,8B,raw - cleaned (s42),treatment,qwen3-8b-cleanv2,qwen3-8b-keep4-s42,test,natural_stop,all,70
close_prob_pre_filter,0.5192932027014295,0.23668738842822182,-0.28260581427320774,-0.310432819775591,-0.2554799157075671,67,70,70,m1_lower,8B,raw - cleaned (s42),treatment,qwen3-8b-cleanv2,qwen3-8b-keep4-s42,test,natural_stop,all,70
close_sampler_prob,0.5307168372264612,0.20318207894340026,-0.327534758283061,-0.3620699813251032,-0.2946605263561721,67,70,70,m1_lower,8B,raw - cleaned (s42),treatment,qwen3-8b-cleanv2,qwen3-8b-keep4-s42,test,natural_stop,all,70
eos_after_forced_close_prob,0.9999999846859157,0.999999932303808,-5.2382107651460785e-08,-7.636150545220488e-08,-3.384374581139049e-08,67,70,70,m1_lower,8B,raw - cleaned (s42),treatment,qwen3-8b-cleanv2,qwen3-8b-keep4-s42,test,natural_stop,all,70
next_event_close_rate,0.3522727272727273,0.03787878787878788,-0.3143939393939394,-0.36363636363636365,-0.26515151515151514,33,33,33,m1_lower,8B,raw - cleaned (s42),treatment,qwen3-8b-cleanv2,qwen3-8b-keep4-s42,test,natural_stop,qwen3-8b-cleanv2,33
continue_rate,0.6477272727272727,0.9621212121212122,0.31439393939393945,0.26515151515151514,0.36363636363636365,33,33,33,m1_higher,8B,raw - cleaned (s42),treatment,qwen3-8b-cleanv2,qwen3-8b-keep4-s42,test,natural_stop,qwen3-8b-cleanv2,33
eos_without_close_rate,0.0,0.0,0.0,0.0,0.0,33,33,33,interval_covers_zero,8B,raw - cleaned (s42),treatment,qwen3-8b-cleanv2,qwen3-8b-keep4-s42,test,natural_stop,qwen3-8b-cleanv2,33
unresolved_rate,0.0,0.0,0.0,0.0,0.0,33,33,33,interval_covers_zero,8B,raw - cleaned (s42),treatment,qwen3-8b-cleanv2,qwen3-8b-keep4-s42,test,natural_stop,qwen3-8b-cleanv2,33
margin_first_policy,-0.5844155844155848,-3.0086580086580095,-2.4242424242424248,-2.873376623376623,-2.0183982683982684,33,33,33,m1_lower,8B,raw - cleaned (s42),treatment,qwen3-8b-cleanv2,qwen3-8b-keep4-s42,test,natural_stop,qwen3-8b-cleanv2,33
margin_first_raw,-1.9090909090909092,-3.606060606060606,-1.6969696969696968,-2.0113636363636362,-1.412878787878788,33,33,33,m1_lower,8B,raw - cleaned (s42),treatment,qwen3-8b-cleanv2,qwen3-8b-keep4-s42,test,natural_stop,qwen3-8b-cleanv2,33
close_prob_pre_filter,0.36494737793514526,0.0988225891300186,-0.2661247888051267,-0.2959548991643911,-0.23665298919409558,33,33,33,m1_lower,8B,raw - cleaned (s42),treatment,qwen3-8b-cleanv2,qwen3-8b-keep4-s42,test,natural_stop,qwen3-8b-cleanv2,33
close_sampler_prob,0.3649475701199309,0.04452717223379925,-0.32042039788613164,-0.3573489546450377,-0.2833676250205294,33,33,33,m1_lower,8B,raw - cleaned (s42),treatment,qwen3-8b-cleanv2,qwen3-8b-keep4-s42,test,natural_stop,qwen3-8b-cleanv2,33
eos_after_forced_close_prob,0.9999999818940385,0.9999999219658156,-5.992822293965361e-08,-1.0175932521894193e-07,-2.7198517382753806e-08,33,33,33,m1_lower,8B,raw - cleaned (s42),treatment,qwen3-8b-cleanv2,qwen3-8b-keep4-s42,test,natural_stop,qwen3-8b-cleanv2,33
next_event_close_rate,0.6554054054054054,0.3327702702702703,-0.3226351351351351,-0.39362331081081087,-0.2550675675675676,37,37,37,m1_lower,8B,raw - cleaned (s42),treatment,qwen3-8b-cleanv2,qwen3-8b-keep4-s42,test,natural_stop,qwen3-8b-keep4-s42,37
continue_rate,0.34459459459459457,0.6672297297297297,0.32263513513513514,0.2550675675675676,0.3936233108108106,37,37,37,m1_higher,8B,raw - cleaned (s42),treatment,qwen3-8b-cleanv2,qwen3-8b-keep4-s42,test,natural_stop,qwen3-8b-keep4-s42,37
eos_without_close_rate,0.0,0.0,0.0,0.0,0.0,37,37,37,interval_covers_zero,8B,raw - cleaned (s42),treatment,qwen3-8b-cleanv2,qwen3-8b-keep4-s42,test,natural_stop,qwen3-8b-keep4-s42,37
unresolved_rate,0.0,0.0,0.0,0.0,0.0,37,37,37,interval_covers_zero,8B,raw - cleaned (s42),treatment,qwen3-8b-cleanv2,qwen3-8b-keep4-s42,test,natural_stop,qwen3-8b-keep4-s42,37
margin_first_policy,0.7046332046332056,-0.6129343629343627,-1.3175675675675682,-1.5299227799227813,-1.1148648648648658,37,37,37,m1_lower,8B,raw - cleaned (s42),treatment,qwen3-8b-cleanv2,qwen3-8b-keep4-s42,test,natural_stop,qwen3-8b-keep4-s42,37
margin_first_raw,-1.0067567567567568,-1.929054054054054,-0.9222972972972971,-1.070945945945946,-0.7804054054054055,37,37,37,m1_lower,8B,raw - cleaned (s42),treatment,qwen3-8b-cleanv2,qwen3-8b-keep4-s42,test,natural_stop,qwen3-8b-keep4-s42,37
close_prob_pre_filter,0.6569529923578452,0.35964788509959233,-0.2973051072582529,-0.34445461340466177,-0.2529662339609014,37,37,37,m1_lower,8B,raw - cleaned (s42),treatment,qwen3-8b-cleanv2,qwen3-8b-keep4-s42,test,natural_stop,qwen3-8b-keep4-s42,37
close_sampler_prob,0.6785651024836372,0.3446851038465579,-0.3338799986370793,-0.390813941439457,-0.2800513579052236,37,37,37,m1_lower,8B,raw - cleaned (s42),treatment,qwen3-8b-cleanv2,qwen3-8b-keep4-s42,test,natural_stop,qwen3-8b-keep4-s42,37
eos_after_forced_close_prob,0.9999999871759684,0.9999999415241797,-4.5651788682654626e-08,-7.12277462761035e-08,-2.3663036699539414e-08,37,37,37,m1_lower,8B,raw - cleaned (s42),treatment,qwen3-8b-cleanv2,qwen3-8b-keep4-s42,test,natural_stop,qwen3-8b-keep4-s42,37
next_event_close_rate,0.0,0.0,0.0,0.0,0.0,27,27,27,interval_covers_zero,8B,raw - cleaned (s42),treatment,qwen3-8b-cleanv2,qwen3-8b-keep4-s42,test,early_remaining,all,27
continue_rate,1.0,1.0,0.0,0.0,0.0,27,27,27,interval_covers_zero,8B,raw - cleaned (s42),treatment,qwen3-8b-cleanv2,qwen3-8b-keep4-s42,test,early_remaining,all,27
eos_without_close_rate,0.0,0.0,0.0,0.0,0.0,27,27,27,interval_covers_zero,8B,raw - cleaned (s42),treatment,qwen3-8b-cleanv2,qwen3-8b-keep4-s42,test,early_remaining,all,27
unresolved_rate,0.0,0.0,0.0,0.0,0.0,27,27,27,interval_covers_zero,8B,raw - cleaned (s42),treatment,qwen3-8b-cleanv2,qwen3-8b-keep4-s42,test,early_remaining,all,27
margin_first_policy,-11.600529100529101,-13.10846560846561,-1.507936507936508,-2.030423280423282,-1.018353174603176,27,27,27,m1_lower,8B,raw - cleaned (s42),treatment,qwen3-8b-cleanv2,qwen3-8b-keep4-s42,test,early_remaining,all,27
margin_first_raw,-9.62037037037037,-10.675925925925926,-1.0555555555555554,-1.4212962962962958,-0.7128472222222219,27,27,27,m1_lower,8B,raw - cleaned (s42),treatment,qwen3-8b-cleanv2,qwen3-8b-keep4-s42,test,early_remaining,all,27
close_prob_pre_filter,0.0017968996116499321,0.00025404507875929916,-0.0015428545328906328,-0.003840096996805795,-3.741710146611248e-05,27,27,27,m1_lower,8B,raw - cleaned (s42),treatment,qwen3-8b-cleanv2,qwen3-8b-keep4-s42,test,early_remaining,all,27
close_sampler_prob,0.0,0.0,0.0,0.0,0.0,27,27,27,interval_covers_zero,8B,raw - cleaned (s42),treatment,qwen3-8b-cleanv2,qwen3-8b-keep4-s42,test,early_remaining,all,27
eos_after_forced_close_prob,0.9999999658306309,0.999999804464312,-1.6136631886265462e-07,-2.538392271045353e-07,-8.423319451389411e-08,27,27,27,m1_lower,8B,raw - cleaned (s42),treatment,qwen3-8b-cleanv2,qwen3-8b-keep4-s42,test,early_remaining,all,27
next_event_close_rate,0.0,0.0,0.0,0.0,0.0,13,13,13,interval_covers_zero,8B,raw - cleaned (s42),treatment,qwen3-8b-cleanv2,qwen3-8b-keep4-s42,test,early_remaining,qwen3-8b-cleanv2,13
continue_rate,1.0,1.0,0.0,0.0,0.0,13,13,13,interval_covers_zero,8B,raw - cleaned (s42),treatment,qwen3-8b-cleanv2,qwen3-8b-keep4-s42,test,early_remaining,qwen3-8b-cleanv2,13
eos_without_close_rate,0.0,0.0,0.0,0.0,0.0,13,13,13,interval_covers_zero,8B,raw - cleaned (s42),treatment,qwen3-8b-cleanv2,qwen3-8b-keep4-s42,test,early_remaining,qwen3-8b-cleanv2,13
unresolved_rate,0.0,0.0,0.0,0.0,0.0,13,13,13,interval_covers_zero,8B,raw - cleaned (s42),treatment,qwen3-8b-cleanv2,qwen3-8b-keep4-s42,test,early_remaining,qwen3-8b-cleanv2,13
margin_first_policy,-11.662087912087912,-13.653846153846153,-1.991758241758241,-2.8159340659340657,-1.2087912087912098,13,13,13,m1_lower,8B,raw - cleaned (s42),treatment,qwen3-8b-cleanv2,qwen3-8b-keep4-s42,test,early_remaining,qwen3-8b-cleanv2,13
margin_first_raw,-9.663461538461538,-11.057692307692308,-1.39423076923077,-1.9711538461538467,-0.8461538461538467,13,13,13,m1_lower,8B,raw - cleaned (s42),treatment,qwen3-8b-cleanv2,qwen3-8b-keep4-s42,test,early_remaining,qwen3-8b-cleanv2,13
close_prob_pre_filter,0.0016155766894612182,0.0002179632656634123,-0.001397613423797806,-0.0039838677348439655,-2.4166983430756164e-05,13,13,13,m1_lower,8B,raw - cleaned (s42),treatment,qwen3-8b-cleanv2,qwen3-8b-keep4-s42,test,early_remaining,qwen3-8b-cleanv2,13
close_sampler_prob,0.0,0.0,0.0,0.0,0.0,13,13,13,interval_covers_zero,8B,raw - cleaned (s42),treatment,qwen3-8b-cleanv2,qwen3-8b-keep4-s42,test,early_remaining,qwen3-8b-cleanv2,13
eos_after_forced_close_prob,0.9999999548376108,0.9999997828450824,-1.7199252844157797e-07,-3.375627151219751e-07,-4.721277915287204e-08,13,13,13,m1_lower,8B,raw - cleaned (s42),treatment,qwen3-8b-cleanv2,qwen3-8b-keep4-s42,test,early_remaining,qwen3-8b-cleanv2,13
next_event_close_rate,0.0,0.0,0.0,0.0,0.0,14,14,14,interval_covers_zero,8B,raw - cleaned (s42),treatment,qwen3-8b-cleanv2,qwen3-8b-keep4-s42,test,early_remaining,qwen3-8b-keep4-s42,14
continue_rate,1.0,1.0,0.0,0.0,0.0,14,14,14,interval_covers_zero,8B,raw - cleaned (s42),treatment,qwen3-8b-cleanv2,qwen3-8b-keep4-s42,test,early_remaining,qwen3-8b-keep4-s42,14
eos_without_close_rate,0.0,0.0,0.0,0.0,0.0,14,14,14,interval_covers_zero,8B,raw - cleaned (s42),treatment,qwen3-8b-cleanv2,qwen3-8b-keep4-s42,test,early_remaining,qwen3-8b-keep4-s42,14
unresolved_rate,0.0,0.0,0.0,0.0,0.0,14,14,14,interval_covers_zero,8B,raw - cleaned (s42),treatment,qwen3-8b-cleanv2,qwen3-8b-keep4-s42,test,early_remaining,qwen3-8b-keep4-s42,14
margin_first_policy,-11.543367346938778,-12.602040816326532,-1.0586734693877542,-1.5178571428571423,-0.625,14,14,14,m1_lower,8B,raw - cleaned (s42),treatment,qwen3-8b-cleanv2,qwen3-8b-keep4-s42,test,early_remaining,qwen3-8b-keep4-s42,14
margin_first_raw,-9.580357142857142,-10.321428571428571,-0.7410714285714288,-1.0625,-0.4375,14,14,14,m1_lower,8B,raw - cleaned (s42),treatment,qwen3-8b-cleanv2,qwen3-8b-keep4-s42,test,early_remaining,qwen3-8b-keep4-s42,14
close_prob_pre_filter,0.0019652708965394515,0.00028754961949119414,-0.0016777212770482572,-0.005023816254942228,-2.759885848684118e-06,14,14,14,m1_lower,8B,raw - cleaned (s42),treatment,qwen3-8b-cleanv2,qwen3-8b-keep4-s42,test,early_remaining,qwen3-8b-keep4-s42,14
close_sampler_prob,0.0,0.0,0.0,0.0,0.0,14,14,14,interval_covers_zero,8B,raw - cleaned (s42),treatment,qwen3-8b-cleanv2,qwen3-8b-keep4-s42,test,early_remaining,qwen3-8b-keep4-s42,14
eos_after_forced_close_prob,0.9999999760384356,0.999999824539311,-1.514991245787911e-07,-2.6191138389475286e-07,-6.611804383993567e-08,14,14,14,m1_lower,8B,raw - cleaned (s42),treatment,qwen3-8b-cleanv2,qwen3-8b-keep4-s42,test,early_remaining,qwen3-8b-keep4-s42,14
next_event_close_rate,0.025390625,0.00390625,-0.021484375,-0.0546875,0.0,32,32,32,interval_covers_zero,8B,raw - cleaned (s42),treatment,qwen3-8b-cleanv2,qwen3-8b-keep4-s42,test,pre_first_reuse,all,32
continue_rate,0.974609375,0.99609375,0.021484375,0.0,0.0546875,32,32,32,interval_covers_zero,8B,raw - cleaned (s42),treatment,qwen3-8b-cleanv2,qwen3-8b-keep4-s42,test,pre_first_reuse,all,32
eos_without_close_rate,0.0,0.0,0.0,0.0,0.0,32,32,32,interval_covers_zero,8B,raw - cleaned (s42),treatment,qwen3-8b-cleanv2,qwen3-8b-keep4-s42,test,pre_first_reuse,all,32
unresolved_rate,0.0,0.0,0.0,0.0,0.0,32,32,32,interval_covers_zero,8B,raw - cleaned (s42),treatment,qwen3-8b-cleanv2,qwen3-8b-keep4-s42,test,pre_first_reuse,all,32
margin_first_policy,-6.506696428571429,-9.190848214285715,-2.6841517857142865,-3.1530412946428577,-2.2321428571428577,32,32,32,m1_lower,8B,raw - cleaned (s42),treatment,qwen3-8b-cleanv2,qwen3-8b-keep4-s42,test,pre_first_reuse,all,32
margin_first_raw,-6.0546875,-7.93359375,-1.87890625,-2.20712890625,-1.5625,32,32,32,m1_lower,8B,raw - cleaned (s42),treatment,qwen3-8b-cleanv2,qwen3-8b-keep4-s42,test,pre_first_reuse,all,32
close_prob_pre_filter,0.060595365413220206,0.015679254459275153,-0.04491611095394506,-0.07534631965646023,-0.018293876462416158,32,32,32,m1_lower,8B,raw - cleaned (s42),treatment,qwen3-8b-cleanv2,qwen3-8b-keep4-s42,test,pre_first_reuse,all,32
close_sampler_prob,0.029983357371726527,0.007972859510353614,-0.022010497861372914,-0.054291387801410504,0.0,32,32,32,interval_covers_zero,8B,raw - cleaned (s42),treatment,qwen3-8b-cleanv2,qwen3-8b-keep4-s42,test,pre_first_reuse,all,32
eos_after_forced_close_prob,0.9999999583356903,0.9999996381386045,-3.2019708584574147e-07,-7.674868396201351e-07,-4.6583467014360604e-08,32,32,32,m1_lower,8B,raw - cleaned (s42),treatment,qwen3-8b-cleanv2,qwen3-8b-keep4-s42,test,pre_first_reuse,all,32
next_event_close_rate,0.0,0.0,0.0,0.0,0.0,15,15,15,interval_covers_zero,8B,raw - cleaned (s42),treatment,qwen3-8b-cleanv2,qwen3-8b-keep4-s42,test,pre_first_reuse,qwen3-8b-cleanv2,15
continue_rate,1.0,1.0,0.0,0.0,0.0,15,15,15,interval_covers_zero,8B,raw - cleaned (s42),treatment,qwen3-8b-cleanv2,qwen3-8b-keep4-s42,test,pre_first_reuse,qwen3-8b-cleanv2,15
eos_without_close_rate,0.0,0.0,0.0,0.0,0.0,15,15,15,interval_covers_zero,8B,raw - cleaned (s42),treatment,qwen3-8b-cleanv2,qwen3-8b-keep4-s42,test,pre_first_reuse,qwen3-8b-cleanv2,15
unresolved_rate,0.0,0.0,0.0,0.0,0.0,15,15,15,interval_covers_zero,8B,raw - cleaned (s42),treatment,qwen3-8b-cleanv2,qwen3-8b-keep4-s42,test,pre_first_reuse,qwen3-8b-cleanv2,15
margin_first_policy,-7.130952380952381,-10.166666666666668,-3.0357142857142865,-3.666666666666666,-2.3690476190476195,15,15,15,m1_lower,8B,raw - cleaned (s42),treatment,qwen3-8b-cleanv2,qwen3-8b-keep4-s42,test,pre_first_reuse,qwen3-8b-cleanv2,15
margin_first_raw,-6.491666666666666,-8.616666666666667,-2.125000000000001,-2.5666666666666664,-1.6583333333333332,15,15,15,m1_lower,8B,raw - cleaned (s42),treatment,qwen3-8b-cleanv2,qwen3-8b-keep4-s42,test,pre_first_reuse,qwen3-8b-cleanv2,15
close_prob_pre_filter,0.02330338771836667,0.0008058099538560203,-0.02249757776451065,-0.044236532780879544,-0.006078073798993859,15,15,15,m1_lower,8B,raw - cleaned (s42),treatment,qwen3-8b-cleanv2,qwen3-8b-keep4-s42,test,pre_first_reuse,qwen3-8b-cleanv2,15
close_sampler_prob,0.0,0.0,0.0,0.0,0.0,15,15,15,interval_covers_zero,8B,raw - cleaned (s42),treatment,qwen3-8b-cleanv2,qwen3-8b-keep4-s42,test,pre_first_reuse,qwen3-8b-cleanv2,15
eos_after_forced_close_prob,0.9999999501030316,0.9999997205710555,-2.2953197609254516e-07,-5.376972815773761e-07,-4.209003358623953e-08,15,15,15,m1_lower,8B,raw - cleaned (s42),treatment,qwen3-8b-cleanv2,qwen3-8b-keep4-s42,test,pre_first_reuse,qwen3-8b-cleanv2,15
next_event_close_rate,0.04779411764705882,0.007352941176470588,-0.04044117647058823,-0.10294117647058823,0.0,17,17,17,interval_covers_zero,8B,raw - cleaned (s42),treatment,qwen3-8b-cleanv2,qwen3-8b-keep4-s42,test,pre_first_reuse,qwen3-8b-keep4-s42,17
continue_rate,0.9522058823529411,0.9926470588235294,0.040441176470588314,0.0,0.1029411764705882,17,17,17,interval_covers_zero,8B,raw - cleaned (s42),treatment,qwen3-8b-cleanv2,qwen3-8b-keep4-s42,test,pre_first_reuse,qwen3-8b-keep4-s42,17
eos_without_close_rate,0.0,0.0,0.0,0.0,0.0,17,17,17,interval_covers_zero,8B,raw - cleaned (s42),treatment,qwen3-8b-cleanv2,qwen3-8b-keep4-s42,test,pre_first_reuse,qwen3-8b-keep4-s42,17
unresolved_rate,0.0,0.0,0.0,0.0,0.0,17,17,17,interval_covers_zero,8B,raw - cleaned (s42),treatment,qwen3-8b-cleanv2,qwen3-8b-keep4-s42,test,pre_first_reuse,qwen3-8b-keep4-s42,17
margin_first_policy,-5.955882352941178,-8.32983193277311,-2.3739495798319323,-3.1302521008403366,-1.7959558823529411,17,17,17,m1_lower,8B,raw - cleaned (s42),treatment,qwen3-8b-cleanv2,qwen3-8b-keep4-s42,test,pre_first_reuse,qwen3-8b-keep4-s42,17
margin_first_raw,-5.669117647058823,-7.330882352941177,-1.6617647058823533,-2.1911764705882355,-1.2571691176470594,17,17,17,m1_lower,8B,raw - cleaned (s42),treatment,qwen3-8b-cleanv2,qwen3-8b-keep4-s42,test,pre_first_reuse,qwen3-8b-keep4-s42,17
close_prob_pre_filter,0.09350005161456156,0.028802881964056743,-0.06469716965050482,-0.11976625130810803,-0.02113264124454388,17,17,17,m1_lower,8B,raw - cleaned (s42),treatment,qwen3-8b-cleanv2,qwen3-8b-keep4-s42,test,pre_first_reuse,qwen3-8b-keep4-s42,17
close_sampler_prob,0.05643926093501464,0.01500773554890092,-0.04143152538611372,-0.10219555350853743,0.0,17,17,17,interval_covers_zero,8B,raw - cleaned (s42),treatment,qwen3-8b-cleanv2,qwen3-8b-keep4-s42,test,pre_first_reuse,qwen3-8b-keep4-s42,17
eos_after_forced_close_prob,0.9999999655998009,0.9999995654040892,-4.001957116805954e-07,-1.1316049004256312e-06,-2.1439195929673366e-08,17,17,17,m1_lower,8B,raw - cleaned (s42),treatment,qwen3-8b-cleanv2,qwen3-8b-keep4-s42,test,pre_first_reuse,qwen3-8b-keep4-s42,17
next_event_close_rate,0.2372047244094488,0.08316929133858268,-0.15403543307086615,-0.18699596774193547,-0.12067223837209302,118,127,127,m1_lower,8B,raw - cleaned (s42),treatment,qwen3-8b-cleanv2,qwen3-8b-keep4-s42,dev,all,all,127
continue_rate,0.7627952755905512,0.9168307086614174,0.1540354330708662,0.12067223837209304,0.1869959677419355,118,127,127,m1_higher,8B,raw - cleaned (s42),treatment,qwen3-8b-cleanv2,qwen3-8b-keep4-s42,dev,all,all,127
eos_without_close_rate,0.0,0.0,0.0,0.0,0.0,118,127,127,interval_covers_zero,8B,raw - cleaned (s42),treatment,qwen3-8b-cleanv2,qwen3-8b-keep4-s42,dev,all,all,127
unresolved_rate,0.0,0.0,0.0,0.0,0.0,118,127,127,interval_covers_zero,8B,raw - cleaned (s42),treatment,qwen3-8b-cleanv2,qwen3-8b-keep4-s42,dev,all,all,127
margin_first_policy,-4.938132733408323,-6.9291338582677175,-1.9910011248593946,-2.231440092517505,-1.7744470665513816,118,127,127,m1_lower,8B,raw - cleaned (s42),treatment,qwen3-8b-cleanv2,qwen3-8b-keep4-s42,dev,all,all,127
margin_first_raw,-4.956692913385827,-6.350393700787402,-1.393700787401575,-1.5620080647622536,-1.242112946585968,118,127,127,m1_lower,8B,raw - cleaned (s42),treatment,qwen3-8b-cleanv2,qwen3-8b-keep4-s42,dev,all,all,127
close_prob_pre_filter,0.2389894843831675,0.10053953180131044,-0.13844995258185705,-0.1653975956175023,-0.11214428448962584,118,127,127,m1_lower,8B,raw - cleaned (s42),treatment,qwen3-8b-cleanv2,qwen3-8b-keep4-s42,dev,all,all,127
close_sampler_prob,0.23603151549834728,0.08009654407162285,-0.1559349714267244,-0.18882134167070078,-0.12398413397207338,118,127,127,m1_lower,8B,raw - cleaned (s42),treatment,qwen3-8b-cleanv2,qwen3-8b-keep4-s42,dev,all,all,127
eos_after_forced_close_prob,0.99999993235452,0.9999998387203622,-9.363415776064699e-08,-1.4426388609267704e-07,-4.913748934132213e-08,118,127,127,m1_lower,8B,raw - cleaned (s42),treatment,qwen3-8b-cleanv2,qwen3-8b-keep4-s42,dev,all,all,127
next_event_close_rate,0.16977611940298507,0.007462686567164179,-0.1623134328358209,-0.209902806738367,-0.11633605072463774,64,67,67,m1_lower,8B,raw - cleaned (s42),treatment,qwen3-8b-cleanv2,qwen3-8b-keep4-s42,dev,all,qwen3-8b-cleanv2,67
continue_rate,0.8302238805970149,0.9925373134328358,0.1623134328358209,0.11633605072463771,0.20990280673836686,64,67,67,m1_higher,8B,raw - cleaned (s42),treatment,qwen3-8b-cleanv2,qwen3-8b-keep4-s42,dev,all,qwen3-8b-cleanv2,67
eos_without_close_rate,0.0,0.0,0.0,0.0,0.0,64,67,67,interval_covers_zero,8B,raw - cleaned (s42),treatment,qwen3-8b-cleanv2,qwen3-8b-keep4-s42,dev,all,qwen3-8b-cleanv2,67
unresolved_rate,0.0,0.0,0.0,0.0,0.0,64,67,67,interval_covers_zero,8B,raw - cleaned (s42),treatment,qwen3-8b-cleanv2,qwen3-8b-keep4-s42,dev,all,qwen3-8b-cleanv2,67
margin_first_policy,-4.920042643923241,-7.289445628997868,-2.3694029850746263,-2.730066808191806,-2.040757456828886,64,67,67,m1_lower,8B,raw - cleaned (s42),treatment,qwen3-8b-cleanv2,qwen3-8b-keep4-s42,dev,all,qwen3-8b-cleanv2,67
margin_first_raw,-4.9440298507462686,-6.602611940298507,-1.6585820895522385,-1.9110467657342658,-1.4285302197802203,64,67,67,m1_lower,8B,raw - cleaned (s42),treatment,qwen3-8b-cleanv2,qwen3-8b-keep4-s42,dev,all,qwen3-8b-cleanv2,67
close_prob_pre_filter,0.1747143053988587,0.039034323949309835,-0.13567998144954888,-0.1749413866100376,-0.09963285139135739,64,67,67,m1_lower,8B,raw - cleaned (s42),treatment,qwen3-8b-cleanv2,qwen3-8b-keep4-s42,dev,all,qwen3-8b-cleanv2,67
close_sampler_prob,0.16251712995078638,0.009971648007103382,-0.152545481943683,-0.19688337973555767,-0.10686666929714818,64,67,67,m1_lower,8B,raw - cleaned (s42),treatment,qwen3-8b-cleanv2,qwen3-8b-keep4-s42,dev,all,qwen3-8b-cleanv2,67
eos_after_forced_close_prob,0.9999999149459203,0.9999998605369439,-5.440897643538278e-08,-1.073868766243713e-07,2.117619998798178e-09,64,67,67,interval_covers_zero,8B,raw - cleaned (s42),treatment,qwen3-8b-cleanv2,qwen3-8b-keep4-s42,dev,all,qwen3-8b-cleanv2,67
next_event_close_rate,0.3125,0.16770833333333332,-0.14479166666666668,-0.190625,-0.09999999999999999,58,60,60,m1_lower,8B,raw - cleaned (s42),treatment,qwen3-8b-cleanv2,qwen3-8b-keep4-s42,dev,all,qwen3-8b-keep4-s42,60
continue_rate,0.6875,0.8322916666666667,0.14479166666666665,0.09999999999999998,0.19062500000000004,58,60,60,m1_higher,8B,raw - cleaned (s42),treatment,qwen3-8b-cleanv2,qwen3-8b-keep4-s42,dev,all,qwen3-8b-keep4-s42,60
eos_without_close_rate,0.0,0.0,0.0,0.0,0.0,58,60,60,interval_covers_zero,8B,raw - cleaned (s42),treatment,qwen3-8b-cleanv2,qwen3-8b-keep4-s42,dev,all,qwen3-8b-keep4-s42,60
unresolved_rate,0.0,0.0,0.0,0.0,0.0,58,60,60,interval_covers_zero,8B,raw - cleaned (s42),treatment,qwen3-8b-cleanv2,qwen3-8b-keep4-s42,dev,all,qwen3-8b-keep4-s42,60
margin_first_policy,-4.958333333333333,-6.526785714285714,-1.5684523809523814,-1.8257389162561575,-1.3196003866281338,58,60,60,m1_lower,8B,raw - cleaned (s42),treatment,qwen3-8b-cleanv2,qwen3-8b-keep4-s42,dev,all,qwen3-8b-keep4-s42,60
margin_first_raw,-4.970833333333333,-6.06875,-1.0979166666666664,-1.2780172413793105,-0.9237202706396936,58,60,60,m1_lower,8B,raw - cleaned (s42),treatment,qwen3-8b-cleanv2,qwen3-8b-keep4-s42,dev,all,qwen3-8b-keep4-s42,60
close_prob_pre_filter,0.310763434248979,0.16922034723604443,-0.14154308701293458,-0.182081873161787,-0.10163214494369438,58,60,60,m1_lower,8B,raw - cleaned (s42),treatment,qwen3-8b-cleanv2,qwen3-8b-keep4-s42,dev,all,qwen3-8b-keep4-s42,60
close_sampler_prob,0.3181225793597902,0.15840267801033628,-0.15971990134945394,-0.20883103576717077,-0.11092798100833638,58,60,60,m1_lower,8B,raw - cleaned (s42),treatment,qwen3-8b-cleanv2,qwen3-8b-keep4-s42,dev,all,qwen3-8b-keep4-s42,60
eos_after_forced_close_prob,0.999999951794123,0.9999998143585126,-1.3743561044776698e-07,-2.236074291950274e-07,-6.815305189367127e-08,58,60,60,m1_lower,8B,raw - cleaned (s42),treatment,qwen3-8b-cleanv2,qwen3-8b-keep4-s42,dev,all,qwen3-8b-keep4-s42,60
next_event_close_rate,0.5140086206896551,0.18211206896551724,-0.3318965517241379,-0.3728448275862069,-0.28987068965517243,58,58,58,m1_lower,8B,raw - cleaned (s42),treatment,qwen3-8b-cleanv2,qwen3-8b-keep4-s42,dev,natural_stop,all,58
continue_rate,0.4859913793103448,0.8178879310344828,0.33189655172413796,0.2898706896551725,0.3728448275862069,58,58,58,m1_higher,8B,raw - cleaned (s42),treatment,qwen3-8b-cleanv2,qwen3-8b-keep4-s42,dev,natural_stop,all,58
eos_without_close_rate,0.0,0.0,0.0,0.0,0.0,58,58,58,interval_covers_zero,8B,raw - cleaned (s42),treatment,qwen3-8b-cleanv2,qwen3-8b-keep4-s42,dev,natural_stop,all,58
unresolved_rate,0.0,0.0,0.0,0.0,0.0,58,58,58,interval_covers_zero,8B,raw - cleaned (s42),treatment,qwen3-8b-cleanv2,qwen3-8b-keep4-s42,dev,natural_stop,all,58
margin_first_policy,0.04310344827586207,-1.8996305418719215,-1.9427339901477836,-2.2754002463054195,-1.6440886699507402,58,58,58,m1_lower,8B,raw - cleaned (s42),treatment,qwen3-8b-cleanv2,qwen3-8b-keep4-s42,dev,natural_stop,all,58
margin_first_raw,-1.4698275862068966,-2.8297413793103448,-1.3599137931034482,-1.5927801724137933,-1.1508620689655173,58,58,58,m1_lower,8B,raw - cleaned (s42),treatment,qwen3-8b-cleanv2,qwen3-8b-keep4-s42,dev,natural_stop,all,58
close_prob_pre_filter,0.5062159331301139,0.21794938149162466,-0.28826655163848924,-0.3186842777774022,-0.2589672554488294,58,58,58,m1_lower,8B,raw - cleaned (s42),treatment,qwen3-8b-cleanv2,qwen3-8b-keep4-s42,dev,natural_stop,all,58
close_sampler_prob,0.5124288097234273,0.17538381201889833,-0.337044997704529,-0.3757675865235759,-0.29772039041353265,58,58,58,m1_lower,8B,raw - cleaned (s42),treatment,qwen3-8b-cleanv2,qwen3-8b-keep4-s42,dev,natural_stop,all,58
eos_after_forced_close_prob,0.9999999792270349,0.9999998948044087,-8.442262622310182e-08,-1.6971717819447286e-07,-2.9185544508925086e-08,58,58,58,m1_lower,8B,raw - cleaned (s42),treatment,qwen3-8b-cleanv2,qwen3-8b-keep4-s42,dev,natural_stop,all,58
next_event_close_rate,0.36693548387096775,0.016129032258064516,-0.35080645161290325,-0.3991935483870968,-0.29838709677419356,31,31,31,m1_lower,8B,raw - cleaned (s42),treatment,qwen3-8b-cleanv2,qwen3-8b-keep4-s42,dev,natural_stop,qwen3-8b-cleanv2,31
continue_rate,0.6330645161290323,0.9838709677419355,0.35080645161290325,0.2983870967741936,0.39919354838709675,31,31,31,m1_higher,8B,raw - cleaned (s42),treatment,qwen3-8b-cleanv2,qwen3-8b-keep4-s42,dev,natural_stop,qwen3-8b-cleanv2,31
eos_without_close_rate,0.0,0.0,0.0,0.0,0.0,31,31,31,interval_covers_zero,8B,raw - cleaned (s42),treatment,qwen3-8b-cleanv2,qwen3-8b-keep4-s42,dev,natural_stop,qwen3-8b-cleanv2,31
unresolved_rate,0.0,0.0,0.0,0.0,0.0,31,31,31,interval_covers_zero,8B,raw - cleaned (s42),treatment,qwen3-8b-cleanv2,qwen3-8b-keep4-s42,dev,natural_stop,qwen3-8b-cleanv2,31
margin_first_policy,-0.5933179723502308,-3.064516129032258,-2.471198156682027,-2.9494527649769586,-2.027649769585253,31,31,31,m1_lower,8B,raw - cleaned (s42),treatment,qwen3-8b-cleanv2,qwen3-8b-keep4-s42,dev,natural_stop,qwen3-8b-cleanv2,31
margin_first_raw,-1.9153225806451613,-3.6451612903225805,-1.7298387096774193,-2.064616935483871,-1.4193548387096775,31,31,31,m1_lower,8B,raw - cleaned (s42),treatment,qwen3-8b-cleanv2,qwen3-8b-keep4-s42,dev,natural_stop,qwen3-8b-cleanv2,31
close_prob_pre_filter,0.3637187817582533,0.08333186597669663,-0.28038691578155667,-0.31799576478449876,-0.2427474840605428,31,31,31,m1_lower,8B,raw - cleaned (s42),treatment,qwen3-8b-cleanv2,qwen3-8b-keep4-s42,dev,natural_stop,qwen3-8b-cleanv2,31
close_sampler_prob,0.3512467002162156,0.021551626337933113,-0.3296950738782825,-0.3777236337709775,-0.2777043765697252,31,31,31,m1_lower,8B,raw - cleaned (s42),treatment,qwen3-8b-cleanv2,qwen3-8b-keep4-s42,dev,natural_stop,qwen3-8b-cleanv2,31
eos_after_forced_close_prob,0.9999999864234994,0.9999999229074672,-6.351603221155244e-08,-1.2000807739775964e-07,-2.1012798431807605e-08,31,31,31,m1_lower,8B,raw - cleaned (s42),treatment,qwen3-8b-cleanv2,qwen3-8b-keep4-s42,dev,natural_stop,qwen3-8b-cleanv2,31
next_event_close_rate,0.6828703703703703,0.3726851851851852,-0.3101851851851852,-0.3819444444444444,-0.25,27,27,27,m1_lower,8B,raw - cleaned (s42),treatment,qwen3-8b-cleanv2,qwen3-8b-keep4-s42,dev,natural_stop,qwen3-8b-keep4-s42,27
continue_rate,0.31712962962962965,0.6273148148148148,0.3101851851851851,0.25,0.3819444444444444,27,27,27,m1_higher,8B,raw - cleaned (s42),treatment,qwen3-8b-cleanv2,qwen3-8b-keep4-s42,dev,natural_stop,qwen3-8b-keep4-s42,27
eos_without_close_rate,0.0,0.0,0.0,0.0,0.0,27,27,27,interval_covers_zero,8B,raw - cleaned (s42),treatment,qwen3-8b-cleanv2,qwen3-8b-keep4-s42,dev,natural_stop,qwen3-8b-keep4-s42,27
unresolved_rate,0.0,0.0,0.0,0.0,0.0,27,27,27,interval_covers_zero,8B,raw - cleaned (s42),treatment,qwen3-8b-cleanv2,qwen3-8b-keep4-s42,dev,natural_stop,qwen3-8b-keep4-s42,27
margin_first_policy,0.7738095238095242,-0.562169312169313,-1.3359788359788372,-1.5476190476190488,-1.144014550264551,27,27,27,m1_lower,8B,raw - cleaned (s42),treatment,qwen3-8b-cleanv2,qwen3-8b-keep4-s42,dev,natural_stop,qwen3-8b-keep4-s42,27
margin_first_raw,-0.9583333333333334,-1.8935185185185186,-0.9351851851851852,-1.083333333333333,-0.8008101851851858,27,27,27,m1_lower,8B,raw - cleaned (s42),treatment,qwen3-8b-cleanv2,qwen3-8b-keep4-s42,dev,natural_stop,qwen3-8b-keep4-s42,27
close_prob_pre_filter,0.6698237735941022,0.37251023263839395,-0.2973135409557082,-0.3449179700839172,-0.2543282027234249,27,27,27,m1_lower,8B,raw - cleaned (s42),treatment,qwen3-8b-cleanv2,qwen3-8b-keep4-s42,dev,natural_stop,qwen3-8b-keep4-s42,27
close_sampler_prob,0.6974897502687445,0.35200595113408056,-0.3454837991346639,-0.4059104478076168,-0.28782390427068993,27,27,27,m1_lower,8B,raw - cleaned (s42),treatment,qwen3-8b-cleanv2,qwen3-8b-keep4-s42,dev,natural_stop,qwen3-8b-keep4-s42,27
eos_after_forced_close_prob,0.9999999709644272,0.999999862537934,-1.0842649311726404e-07,-2.620025571248297e-07,-1.9250576527296587e-08,27,27,27,m1_lower,8B,raw - cleaned (s42),treatment,qwen3-8b-cleanv2,qwen3-8b-keep4-s42,dev,natural_stop,qwen3-8b-keep4-s42,27
next_event_close_rate,0.0,0.0,0.0,0.0,0.0,37,37,37,interval_covers_zero,8B,raw - cleaned (s42),treatment,qwen3-8b-cleanv2,qwen3-8b-keep4-s42,dev,early_remaining,all,37
continue_rate,1.0,1.0,0.0,0.0,0.0,37,37,37,interval_covers_zero,8B,raw - cleaned (s42),treatment,qwen3-8b-cleanv2,qwen3-8b-keep4-s42,dev,early_remaining,all,37
eos_without_close_rate,0.0,0.0,0.0,0.0,0.0,37,37,37,interval_covers_zero,8B,raw - cleaned (s42),treatment,qwen3-8b-cleanv2,qwen3-8b-keep4-s42,dev,early_remaining,all,37
unresolved_rate,0.0,0.0,0.0,0.0,0.0,37,37,37,interval_covers_zero,8B,raw - cleaned (s42),treatment,qwen3-8b-cleanv2,qwen3-8b-keep4-s42,dev,early_remaining,all,37
margin_first_policy,-11.73745173745174,-13.170849420849422,-1.433397683397681,-1.877413127413126,-1.0231660231660253,37,37,37,m1_lower,8B,raw - cleaned (s42),treatment,qwen3-8b-cleanv2,qwen3-8b-keep4-s42,dev,early_remaining,all,37
margin_first_raw,-9.716216216216216,-10.719594594594595,-1.003378378378379,-1.3141891891891877,-0.7162162162162158,37,37,37,m1_lower,8B,raw - cleaned (s42),treatment,qwen3-8b-cleanv2,qwen3-8b-keep4-s42,dev,early_remaining,all,37
close_prob_pre_filter,0.002328213484464103,0.00012420194194288423,-0.0022040115425212186,-0.0063076931783983626,-5.620770991945334e-05,37,37,37,m1_lower,8B,raw - cleaned (s42),treatment,qwen3-8b-cleanv2,qwen3-8b-keep4-s42,dev,early_remaining,all,37
close_sampler_prob,0.0,0.0,0.0,0.0,0.0,37,37,37,interval_covers_zero,8B,raw - cleaned (s42),treatment,qwen3-8b-cleanv2,qwen3-8b-keep4-s42,dev,early_remaining,all,37
eos_after_forced_close_prob,0.9999998690839547,0.9999997606863433,-1.0839761133141224e-07,-2.0026049118992972e-07,-1.7416104769463234e-08,37,37,37,m1_lower,8B,raw - cleaned (s42),treatment,qwen3-8b-cleanv2,qwen3-8b-keep4-s42,dev,early_remaining,all,37
next_event_close_rate,0.0,0.0,0.0,0.0,0.0,19,19,19,interval_covers_zero,8B,raw - cleaned (s42),treatment,qwen3-8b-cleanv2,qwen3-8b-keep4-s42,dev,early_remaining,qwen3-8b-cleanv2,19
continue_rate,1.0,1.0,0.0,0.0,0.0,19,19,19,interval_covers_zero,8B,raw - cleaned (s42),treatment,qwen3-8b-cleanv2,qwen3-8b-keep4-s42,dev,early_remaining,qwen3-8b-cleanv2,19
eos_without_close_rate,0.0,0.0,0.0,0.0,0.0,19,19,19,interval_covers_zero,8B,raw - cleaned (s42),treatment,qwen3-8b-cleanv2,qwen3-8b-keep4-s42,dev,early_remaining,qwen3-8b-cleanv2,19
unresolved_rate,0.0,0.0,0.0,0.0,0.0,19,19,19,interval_covers_zero,8B,raw - cleaned (s42),treatment,qwen3-8b-cleanv2,qwen3-8b-keep4-s42,dev,early_remaining,qwen3-8b-cleanv2,19
margin_first_policy,-10.817669172932332,-12.34962406015038,-1.5319548872180473,-2.1240601503759358,-0.9396146616541362,19,19,19,m1_lower,8B,raw - cleaned (s42),treatment,qwen3-8b-cleanv2,qwen3-8b-keep4-s42,dev,early_remaining,qwen3-8b-cleanv2,19
margin_first_raw,-9.072368421052632,-10.144736842105264,-1.0723684210526319,-1.4868421052631575,-0.6577302631578948,19,19,19,m1_lower,8B,raw - cleaned (s42),treatment,qwen3-8b-cleanv2,qwen3-8b-keep4-s42,dev,early_remaining,qwen3-8b-cleanv2,19
close_prob_pre_filter,0.004346479512106049,0.0002233593024889612,-0.004123120209617088,-0.012008284387472565,-3.0332472342946173e-05,19,19,19,m1_lower,8B,raw - cleaned (s42),treatment,qwen3-8b-cleanv2,qwen3-8b-keep4-s42,dev,early_remaining,qwen3-8b-cleanv2,19
close_sampler_prob,0.0,0.0,0.0,0.0,0.0,19,19,19,interval_covers_zero,8B,raw - cleaned (s42),treatment,qwen3-8b-cleanv2,qwen3-8b-keep4-s42,dev,early_remaining,qwen3-8b-cleanv2,19
eos_after_forced_close_prob,0.9999998216001814,0.9999997876551178,-3.394506364884364e-08,-1.7148653106147106e-07,9.643361388589336e-08,19,19,19,interval_covers_zero,8B,raw - cleaned (s42),treatment,qwen3-8b-cleanv2,qwen3-8b-keep4-s42,dev,early_remaining,qwen3-8b-cleanv2,19
next_event_close_rate,0.0,0.0,0.0,0.0,0.0,18,18,18,interval_covers_zero,8B,raw - cleaned (s42),treatment,qwen3-8b-cleanv2,qwen3-8b-keep4-s42,dev,early_remaining,qwen3-8b-keep4-s42,18
continue_rate,1.0,1.0,0.0,0.0,0.0,18,18,18,interval_covers_zero,8B,raw - cleaned (s42),treatment,qwen3-8b-cleanv2,qwen3-8b-keep4-s42,dev,early_remaining,qwen3-8b-keep4-s42,18
eos_without_close_rate,0.0,0.0,0.0,0.0,0.0,18,18,18,interval_covers_zero,8B,raw - cleaned (s42),treatment,qwen3-8b-cleanv2,qwen3-8b-keep4-s42,dev,early_remaining,qwen3-8b-keep4-s42,18
unresolved_rate,0.0,0.0,0.0,0.0,0.0,18,18,18,interval_covers_zero,8B,raw - cleaned (s42),treatment,qwen3-8b-cleanv2,qwen3-8b-keep4-s42,dev,early_remaining,qwen3-8b-keep4-s42,18
margin_first_policy,-12.708333333333336,-14.037698412698413,-1.3293650793650773,-2.004216269841267,-0.7142857142857135,18,18,18,m1_lower,8B,raw - cleaned (s42),treatment,qwen3-8b-cleanv2,qwen3-8b-keep4-s42,dev,early_remaining,qwen3-8b-keep4-s42,18
margin_first_raw,-10.395833333333334,-11.32638888888889,-0.9305555555555554,-1.4029513888888878,-0.5,18,18,18,m1_lower,8B,raw - cleaned (s42),treatment,qwen3-8b-cleanv2,qwen3-8b-keep4-s42,dev,early_remaining,qwen3-8b-keep4-s42,18
close_prob_pre_filter,0.0001978215663976036,1.9535839144247424e-05,-0.0001782857272533562,-0.0004509835058954372,-1.446962860592837e-05,18,18,18,m1_lower,8B,raw - cleaned (s42),treatment,qwen3-8b-cleanv2,qwen3-8b-keep4-s42,dev,early_remaining,qwen3-8b-keep4-s42,18
close_sampler_prob,0.0,0.0,0.0,0.0,0.0,18,18,18,interval_covers_zero,8B,raw - cleaned (s42),treatment,qwen3-8b-cleanv2,qwen3-8b-keep4-s42,dev,early_remaining,qwen3-8b-keep4-s42,18
eos_after_forced_close_prob,0.9999999192057147,0.9999997322193038,-1.8698641091052792e-07,-3.121102713249391e-07,-8.951588916505938e-08,18,18,18,m1_lower,8B,raw - cleaned (s42),treatment,qwen3-8b-cleanv2,qwen3-8b-keep4-s42,dev,early_remaining,qwen3-8b-keep4-s42,18
next_event_close_rate,0.009765625,0.0,-0.009765625,-0.029296875,0.0,32,32,32,interval_covers_zero,8B,raw - cleaned (s42),treatment,qwen3-8b-cleanv2,qwen3-8b-keep4-s42,dev,pre_first_reuse,all,32
continue_rate,0.990234375,1.0,0.009765625,0.0,0.029296875,32,32,32,interval_covers_zero,8B,raw - cleaned (s42),treatment,qwen3-8b-cleanv2,qwen3-8b-keep4-s42,dev,pre_first_reuse,all,32
eos_without_close_rate,0.0,0.0,0.0,0.0,0.0,32,32,32,interval_covers_zero,8B,raw - cleaned (s42),treatment,qwen3-8b-cleanv2,qwen3-8b-keep4-s42,dev,pre_first_reuse,all,32
unresolved_rate,0.0,0.0,0.0,0.0,0.0,32,32,32,interval_covers_zero,8B,raw - cleaned (s42),treatment,qwen3-8b-cleanv2,qwen3-8b-keep4-s42,dev,pre_first_reuse,all,32
margin_first_policy,-6.104910714285715,-8.828125,-2.7232142857142847,-3.1138392857142847,-2.3549107142857135,32,32,32,m1_lower,8B,raw - cleaned (s42),treatment,qwen3-8b-cleanv2,qwen3-8b-keep4-s42,dev,pre_first_reuse,all,32
margin_first_raw,-5.7734375,-7.6796875,-1.90625,-2.1796875,-1.6484375,32,32,32,m1_lower,8B,raw - cleaned (s42),treatment,qwen3-8b-cleanv2,qwen3-8b-keep4-s42,dev,pre_first_reuse,all,32
close_prob_pre_filter,0.028281140505952825,0.0038394043875096045,-0.02444173611844322,-0.040297917351838616,-0.012115404152042592,32,32,32,m1_lower,8B,raw - cleaned (s42),treatment,qwen3-8b-cleanv2,qwen3-8b-keep4-s42,dev,pre_first_reuse,all,32
close_sampler_prob,0.007972859510353657,0.0,-0.007972859510353657,-0.023918578531060972,0.0,32,32,32,interval_covers_zero,8B,raw - cleaned (s42),treatment,qwen3-8b-cleanv2,qwen3-8b-keep4-s42,dev,pre_first_reuse,all,32
eos_after_forced_close_prob,0.9999999205546786,0.9999998272948626,-9.325981598085065e-08,-1.7940615303635443e-07,-1.526305521692977e-08,32,32,32,m1_lower,8B,raw - cleaned (s42),treatment,qwen3-8b-cleanv2,qwen3-8b-keep4-s42,dev,pre_first_reuse,all,32
next_event_close_rate,0.0,0.0,0.0,0.0,0.0,17,17,17,interval_covers_zero,8B,raw - cleaned (s42),treatment,qwen3-8b-cleanv2,qwen3-8b-keep4-s42,dev,pre_first_reuse,qwen3-8b-cleanv2,17
continue_rate,1.0,1.0,0.0,0.0,0.0,17,17,17,interval_covers_zero,8B,raw - cleaned (s42),treatment,qwen3-8b-cleanv2,qwen3-8b-keep4-s42,dev,pre_first_reuse,qwen3-8b-cleanv2,17
eos_without_close_rate,0.0,0.0,0.0,0.0,0.0,17,17,17,interval_covers_zero,8B,raw - cleaned (s42),treatment,qwen3-8b-cleanv2,qwen3-8b-keep4-s42,dev,pre_first_reuse,qwen3-8b-cleanv2,17
unresolved_rate,0.0,0.0,0.0,0.0,0.0,17,17,17,interval_covers_zero,8B,raw - cleaned (s42),treatment,qwen3-8b-cleanv2,qwen3-8b-keep4-s42,dev,pre_first_reuse,qwen3-8b-cleanv2,17
margin_first_policy,-6.218487394957983,-9.338235294117647,-3.1197478991596634,-3.655462184873948,-2.5525210084033594,17,17,17,m1_lower,8B,raw - cleaned (s42),treatment,qwen3-8b-cleanv2,qwen3-8b-keep4-s42,dev,pre_first_reuse,qwen3-8b-cleanv2,17
margin_first_raw,-5.852941176470588,-8.036764705882353,-2.1838235294117654,-2.5588235294117636,-1.7867647058823533,17,17,17,m1_lower,8B,raw - cleaned (s42),treatment,qwen3-8b-cleanv2,qwen3-8b-keep4-s42,dev,pre_first_reuse,qwen3-8b-cleanv2,17
close_prob_pre_filter,0.020470183322803853,0.0016334136811102136,-0.01883676964169364,-0.03378479563337278,-0.006044012488259119,17,17,17,m1_lower,8B,raw - cleaned (s42),treatment,qwen3-8b-cleanv2,qwen3-8b-keep4-s42,dev,pre_first_reuse,qwen3-8b-cleanv2,17
close_sampler_prob,0.0,0.0,0.0,0.0,0.0,17,17,17,interval_covers_zero,8B,raw - cleaned (s42),treatment,qwen3-8b-cleanv2,qwen3-8b-keep4-s42,dev,pre_first_reuse,qwen3-8b-cleanv2,17
eos_after_forced_close_prob,0.9999998889320428,0.9999998282586195,-6.067342328552883e-08,-1.6545587474270373e-07,4.860770407288938e-08,17,17,17,interval_covers_zero,8B,raw - cleaned (s42),treatment,qwen3-8b-cleanv2,qwen3-8b-keep4-s42,dev,pre_first_reuse,qwen3-8b-cleanv2,17
next_event_close_rate,0.020833333333333332,0.0,-0.020833333333333332,-0.0625,0.0,15,15,15,interval_covers_zero,8B,raw - cleaned (s42),treatment,qwen3-8b-cleanv2,qwen3-8b-keep4-s42,dev,pre_first_reuse,qwen3-8b-keep4-s42,15
continue_rate,0.9791666666666666,1.0,0.02083333333333337,0.0,0.0625,15,15,15,interval_covers_zero,8B,raw - cleaned (s42),treatment,qwen3-8b-cleanv2,qwen3-8b-keep4-s42,dev,pre_first_reuse,qwen3-8b-keep4-s42,15
eos_without_close_rate,0.0,0.0,0.0,0.0,0.0,15,15,15,interval_covers_zero,8B,raw - cleaned (s42),treatment,qwen3-8b-cleanv2,qwen3-8b-keep4-s42,dev,pre_first_reuse,qwen3-8b-keep4-s42,15
unresolved_rate,0.0,0.0,0.0,0.0,0.0,15,15,15,interval_covers_zero,8B,raw - cleaned (s42),treatment,qwen3-8b-cleanv2,qwen3-8b-keep4-s42,dev,pre_first_reuse,qwen3-8b-keep4-s42,15
margin_first_policy,-5.976190476190477,-8.25,-2.273809523809523,-2.6428571428571432,-1.9642857142857162,15,15,15,m1_lower,8B,raw - cleaned (s42),treatment,qwen3-8b-cleanv2,qwen3-8b-keep4-s42,dev,pre_first_reuse,qwen3-8b-keep4-s42,15
margin_first_raw,-5.683333333333334,-7.275,-1.5916666666666668,-1.8500000000000005,-1.375,15,15,15,m1_lower,8B,raw - cleaned (s42),treatment,qwen3-8b-cleanv2,qwen3-8b-keep4-s42,dev,pre_first_reuse,qwen3-8b-keep4-s42,15
close_prob_pre_filter,0.03713355864685498,0.006339527188095581,-0.0307940314587594,-0.05834273414674227,-0.00957972895612343,15,15,15,m1_lower,8B,raw - cleaned (s42),treatment,qwen3-8b-cleanv2,qwen3-8b-keep4-s42,dev,pre_first_reuse,qwen3-8b-keep4-s42,15
close_sampler_prob,0.017008766955421136,0.0,-0.017008766955421136,-0.051026300866263405,0.0,15,15,15,interval_covers_zero,8B,raw - cleaned (s42),treatment,qwen3-8b-cleanv2,qwen3-8b-keep4-s42,dev,pre_first_reuse,qwen3-8b-keep4-s42,15
eos_after_forced_close_prob,0.9999999563936653,0.9999998262026047,-1.3019106059886099e-07,-2.599857220980661e-07,-3.7452539347615525e-08,15,15,15,m1_lower,8B,raw - cleaned (s42),treatment,qwen3-8b-cleanv2,qwen3-8b-keep4-s42,dev,pre_first_reuse,qwen3-8b-keep4-s42,15
next_event_close_rate,0.260986328125,0.0947265625,-0.166259765625,-0.19112075157607386,-0.1407464875714065,237,256,256,m1_lower,8B,raw - cleaned (s42),treatment,qwen3-8b-cleanv2,qwen3-8b-keep4-s42,all,all,all,256
continue_rate,0.739013671875,0.9052734375,0.166259765625,0.14074648757140648,0.1911207515760739,237,256,256,m1_higher,8B,raw - cleaned (s42),treatment,qwen3-8b-cleanv2,qwen3-8b-keep4-s42,all,all,all,256
eos_without_close_rate,0.0,0.0,0.0,0.0,0.0,237,256,256,interval_covers_zero,8B,raw - cleaned (s42),treatment,qwen3-8b-cleanv2,qwen3-8b-keep4-s42,all,all,all,256
unresolved_rate,0.0,0.0,0.0,0.0,0.0,237,256,256,interval_covers_zero,8B,raw - cleaned (s42),treatment,qwen3-8b-cleanv2,qwen3-8b-keep4-s42,all,all,all,256
margin_first_policy,-4.460100446428571,-6.445312500000001,-1.9852120535714297,-2.1540280237854255,-1.8214251505199779,237,256,256,m1_lower,8B,raw - cleaned (s42),treatment,qwen3-8b-cleanv2,qwen3-8b-keep4-s42,all,all,all,256
margin_first_raw,-4.6220703125,-6.01171875,-1.3896484375,-1.5078196166497975,-1.274997605363985,237,256,256,m1_lower,8B,raw - cleaned (s42),treatment,qwen3-8b-cleanv2,qwen3-8b-keep4-s42,all,all,all,256
close_prob_pre_filter,0.26831936206445284,0.11658294175220804,-0.1517364203122448,-0.17125881539338567,-0.13284028359300426,237,256,256,m1_lower,8B,raw - cleaned (s42),treatment,qwen3-8b-cleanv2,qwen3-8b-keep4-s42,all,all,all,256
close_sampler_prob,0.26595956449233454,0.09628960206041186,-0.16966996243192267,-0.1934455195782151,-0.14609224670939938,237,256,256,m1_lower,8B,raw - cleaned (s42),treatment,qwen3-8b-cleanv2,qwen3-8b-keep4-s42,all,all,all,256
eos_after_forced_close_prob,0.9999999534422159,0.999999835623923,-1.1781829289958523e-07,-1.8120989095093963e-07,-7.145580153689048e-08,237,256,256,m1_lower,8B,raw - cleaned (s42),treatment,qwen3-8b-cleanv2,qwen3-8b-keep4-s42,all,all,all,256
next_event_close_rate,0.1796875,0.013671875,-0.166015625,-0.19941472159730034,-0.13275193798449614,125,128,128,m1_lower,8B,raw - cleaned (s42),treatment,qwen3-8b-cleanv2,qwen3-8b-keep4-s42,all,all,qwen3-8b-cleanv2,128
continue_rate,0.8203125,0.986328125,0.166015625,0.13275193798449614,0.19941472159730034,125,128,128,m1_higher,8B,raw - cleaned (s42),treatment,qwen3-8b-cleanv2,qwen3-8b-keep4-s42,all,all,qwen3-8b-cleanv2,128
eos_without_close_rate,0.0,0.0,0.0,0.0,0.0,125,128,128,interval_covers_zero,8B,raw - cleaned (s42),treatment,qwen3-8b-cleanv2,qwen3-8b-keep4-s42,all,all,qwen3-8b-cleanv2,128
unresolved_rate,0.0,0.0,0.0,0.0,0.0,125,128,128,interval_covers_zero,8B,raw - cleaned (s42),treatment,qwen3-8b-cleanv2,qwen3-8b-keep4-s42,all,all,qwen3-8b-cleanv2,128
margin_first_policy,-4.74609375,-7.169363839285715,-2.4232700892857153,-2.670071348852041,-2.169089147286822,125,128,128,m1_lower,8B,raw - cleaned (s42),treatment,qwen3-8b-cleanv2,qwen3-8b-keep4-s42,all,all,qwen3-8b-cleanv2,128
margin_first_raw,-4.822265625,-6.5185546875,-1.6962890625,-1.869049944196429,-1.5183624031007756,125,128,128,m1_lower,8B,raw - cleaned (s42),treatment,qwen3-8b-cleanv2,qwen3-8b-keep4-s42,all,all,qwen3-8b-cleanv2,128
close_prob_pre_filter,0.18843496286188927,0.04602629545043623,-0.14240866741145303,-0.16781590192580728,-0.11652299712779607,125,128,128,m1_lower,8B,raw - cleaned (s42),treatment,qwen3-8b-cleanv2,qwen3-8b-keep4-s42,all,all,qwen3-8b-cleanv2,128
close_sampler_prob,0.1791556056301594,0.01669919609524454,-0.16245640953491486,-0.19376292800743875,-0.1308157740063545,125,128,128,m1_lower,8B,raw - cleaned (s42),treatment,qwen3-8b-cleanv2,qwen3-8b-keep4-s42,all,all,qwen3-8b-cleanv2,128
eos_after_forced_close_prob,0.9999999403774558,0.9999998520812426,-8.82962131187881e-08,-1.42109437512028e-07,-4.398075049427688e-08,125,128,128,m1_lower,8B,raw - cleaned (s42),treatment,qwen3-8b-cleanv2,qwen3-8b-keep4-s42,all,all,qwen3-8b-cleanv2,128
next_event_close_rate,0.34228515625,0.17578125,-0.16650390625,-0.20302848467322152,-0.1349732142857144,121,128,128,m1_lower,8B,raw - cleaned (s42),treatment,qwen3-8b-cleanv2,qwen3-8b-keep4-s42,all,all,qwen3-8b-keep4-s42,128
continue_rate,0.65771484375,0.82421875,0.16650390625,0.1349732142857143,0.20302848467322143,121,128,128,m1_higher,8B,raw - cleaned (s42),treatment,qwen3-8b-cleanv2,qwen3-8b-keep4-s42,all,all,qwen3-8b-keep4-s42,128
eos_without_close_rate,0.0,0.0,0.0,0.0,0.0,121,128,128,interval_covers_zero,8B,raw - cleaned (s42),treatment,qwen3-8b-cleanv2,qwen3-8b-keep4-s42,all,all,qwen3-8b-keep4-s42,128
unresolved_rate,0.0,0.0,0.0,0.0,0.0,121,128,128,interval_covers_zero,8B,raw - cleaned (s42),treatment,qwen3-8b-cleanv2,qwen3-8b-keep4-s42,all,all,qwen3-8b-keep4-s42,128
margin_first_policy,-4.174107142857143,-5.721261160714286,-1.5471540178571423,-1.7303457720297417,-1.3766884230197034,121,128,128,m1_lower,8B,raw - cleaned (s42),treatment,qwen3-8b-cleanv2,qwen3-8b-keep4-s42,all,all,qwen3-8b-keep4-s42,128
margin_first_raw,-4.421875,-5.5048828125,-1.0830078125,-1.2112420404208195,-0.9636818961137925,121,128,128,m1_lower,8B,raw - cleaned (s42),treatment,qwen3-8b-cleanv2,qwen3-8b-keep4-s42,all,all,qwen3-8b-keep4-s42,128
close_prob_pre_filter,0.34820376126701647,0.18713958805397987,-0.1610641732130366,-0.19169991817384385,-0.13376991273615205,121,128,128,m1_lower,8B,raw - cleaned (s42),treatment,qwen3-8b-cleanv2,qwen3-8b-keep4-s42,all,all,qwen3-8b-keep4-s42,128
close_sampler_prob,0.35276352335450967,0.17588000802557918,-0.17688351532893049,-0.21378724140298347,-0.1447744464235316,121,128,128,m1_lower,8B,raw - cleaned (s42),treatment,qwen3-8b-cleanv2,qwen3-8b-keep4-s42,all,all,qwen3-8b-keep4-s42,128
eos_after_forced_close_prob,0.9999999665069761,0.9999998191666037,-1.4734037234731545e-07,-2.6038609094725105e-07,-7.113780829404179e-08,121,128,128,m1_lower,8B,raw - cleaned (s42),treatment,qwen3-8b-cleanv2,qwen3-8b-keep4-s42,all,all,qwen3-8b-keep4-s42,128
next_event_close_rate,0.51318359375,0.1884765625,-0.32470703125,-0.35547720841535435,-0.29589516947588584,125,128,128,m1_lower,8B,raw - cleaned (s42),treatment,qwen3-8b-cleanv2,qwen3-8b-keep4-s42,all,natural_stop,all,128
continue_rate,0.48681640625,0.8115234375,0.32470703125,0.29589516947588584,0.3554772084153543,125,128,128,m1_higher,8B,raw - cleaned (s42),treatment,qwen3-8b-cleanv2,qwen3-8b-keep4-s42,all,natural_stop,all,128
eos_without_close_rate,0.0,0.0,0.0,0.0,0.0,125,128,128,interval_covers_zero,8B,raw - cleaned (s42),treatment,qwen3-8b-cleanv2,qwen3-8b-keep4-s42,all,natural_stop,all,128
unresolved_rate,0.0,0.0,0.0,0.0,0.0,125,128,128,interval_covers_zero,8B,raw - cleaned (s42),treatment,qwen3-8b-cleanv2,qwen3-8b-keep4-s42,all,natural_stop,all,128
margin_first_policy,0.07254464285714302,-1.8136160714285716,-1.8861607142857146,-2.090659340659341,-1.6909297052154202,125,128,128,m1_lower,8B,raw - cleaned (s42),treatment,qwen3-8b-cleanv2,qwen3-8b-keep4-s42,all,natural_stop,all,128
margin_first_raw,-1.44921875,-2.76953125,-1.3203125,-1.4634615384615384,-1.1836507936507936,125,128,128,m1_lower,8B,raw - cleaned (s42),treatment,qwen3-8b-cleanv2,qwen3-8b-keep4-s42,all,natural_stop,all,128
close_prob_pre_filter,0.513367564926927,0.22819672903507623,-0.28517083589185077,-0.3054342150115919,-0.26535857253713785,125,128,128,m1_lower,8B,raw - cleaned (s42),treatment,qwen3-8b-cleanv2,qwen3-8b-keep4-s42,all,natural_stop,all,128
close_sampler_prob,0.5224300747641492,0.19058598924323533,-0.3318440855209138,-0.3571055468963556,-0.3067866273142063,125,128,128,m1_lower,8B,raw - cleaned (s42),treatment,qwen3-8b-cleanv2,qwen3-8b-keep4-s42,all,natural_stop,all,128
eos_after_forced_close_prob,0.9999999822123603,0.9999999153118927,-6.690046761015367e-08,-1.0632196853765929e-07,-3.837879722912163e-08,125,128,128,m1_lower,8B,raw - cleaned (s42),treatment,qwen3-8b-cleanv2,qwen3-8b-keep4-s42,all,natural_stop,all,128
next_event_close_rate,0.359375,0.02734375,-0.33203125,-0.3681640625,-0.296875,64,64,64,m1_lower,8B,raw - cleaned (s42),treatment,qwen3-8b-cleanv2,qwen3-8b-keep4-s42,all,natural_stop,qwen3-8b-cleanv2,64
continue_rate,0.640625,0.97265625,0.33203125,0.296875,0.3681640625,64,64,64,m1_higher,8B,raw - cleaned (s42),treatment,qwen3-8b-cleanv2,qwen3-8b-keep4-s42,all,natural_stop,qwen3-8b-cleanv2,64
eos_without_close_rate,0.0,0.0,0.0,0.0,0.0,64,64,64,interval_covers_zero,8B,raw - cleaned (s42),treatment,qwen3-8b-cleanv2,qwen3-8b-keep4-s42,all,natural_stop,qwen3-8b-cleanv2,64
unresolved_rate,0.0,0.0,0.0,0.0,0.0,64,64,64,interval_covers_zero,8B,raw - cleaned (s42),treatment,qwen3-8b-cleanv2,qwen3-8b-keep4-s42,all,natural_stop,qwen3-8b-cleanv2,64
margin_first_policy,-0.5887276785714289,-3.035714285714286,-2.446986607142857,-2.781877790178571,-2.1372070312499996,64,64,64,m1_lower,8B,raw - cleaned (s42),treatment,qwen3-8b-cleanv2,qwen3-8b-keep4-s42,all,natural_stop,qwen3-8b-cleanv2,64
margin_first_raw,-1.912109375,-3.625,-1.712890625,-1.947314453125,-1.4960449218750003,64,64,64,m1_lower,8B,raw - cleaned (s42),treatment,qwen3-8b-cleanv2,qwen3-8b-keep4-s42,all,natural_stop,qwen3-8b-cleanv2,64
close_prob_pre_filter,0.36435227666196324,0.09131927010262827,-0.27303300655933493,-0.29744823012345173,-0.25085523499499585,64,64,64,m1_lower,8B,raw - cleaned (s42),treatment,qwen3-8b-cleanv2,qwen3-8b-keep4-s42,all,natural_stop,qwen3-8b-cleanv2,64
close_sampler_prob,0.35831121126031884,0.03339839219048908,-0.3249128190698298,-0.35618766151979153,-0.294667321020567,64,64,64,m1_lower,8B,raw - cleaned (s42),treatment,qwen3-8b-cleanv2,qwen3-8b-keep4-s42,all,natural_stop,qwen3-8b-cleanv2,64
eos_after_forced_close_prob,0.9999999840879962,0.9999999224219281,-6.166606802970875e-08,-9.578751684335974e-08,-3.510641382875603e-08,64,64,64,m1_lower,8B,raw - cleaned (s42),treatment,qwen3-8b-cleanv2,qwen3-8b-keep4-s42,all,natural_stop,qwen3-8b-cleanv2,64
next_event_close_rate,0.6669921875,0.349609375,-0.3173828125,-0.3652587890625,-0.26950683593750013,64,64,64,m1_lower,8B,raw - cleaned (s42),treatment,qwen3-8b-cleanv2,qwen3-8b-keep4-s42,all,natural_stop,qwen3-8b-keep4-s42,64
continue_rate,0.3330078125,0.650390625,0.3173828125,0.2695068359375,0.36525878906249987,64,64,64,m1_higher,8B,raw - cleaned (s42),treatment,qwen3-8b-cleanv2,qwen3-8b-keep4-s42,all,natural_stop,qwen3-8b-keep4-s42,64
eos_without_close_rate,0.0,0.0,0.0,0.0,0.0,64,64,64,interval_covers_zero,8B,raw - cleaned (s42),treatment,qwen3-8b-cleanv2,qwen3-8b-keep4-s42,all,natural_stop,qwen3-8b-keep4-s42,64
unresolved_rate,0.0,0.0,0.0,0.0,0.0,64,64,64,interval_covers_zero,8B,raw - cleaned (s42),treatment,qwen3-8b-cleanv2,qwen3-8b-keep4-s42,all,natural_stop,qwen3-8b-keep4-s42,64
margin_first_policy,0.733816964285715,-0.5915178571428573,-1.3253348214285723,-1.473214285714287,-1.171875000000001,64,64,64,m1_lower,8B,raw - cleaned (s42),treatment,qwen3-8b-cleanv2,qwen3-8b-keep4-s42,all,natural_stop,qwen3-8b-keep4-s42,64
margin_first_raw,-0.986328125,-1.9140625,-0.927734375,-1.03125,-0.8203125,64,64,64,m1_lower,8B,raw - cleaned (s42),treatment,qwen3-8b-cleanv2,qwen3-8b-keep4-s42,all,natural_stop,qwen3-8b-keep4-s42,64
close_prob_pre_filter,0.662382853191891,0.3650741879675242,-0.29730866522436683,-0.33008316380596775,-0.26315559070936,64,64,64,m1_lower,8B,raw - cleaned (s42),treatment,qwen3-8b-cleanv2,qwen3-8b-keep4-s42,all,natural_stop,qwen3-8b-keep4-s42,64
close_sampler_prob,0.6865489382679792,0.34777358629598154,-0.3387753519719977,-0.37968302504897905,-0.2965669546525898,64,64,64,m1_lower,8B,raw - cleaned (s42),treatment,qwen3-8b-cleanv2,qwen3-8b-keep4-s42,all,natural_stop,qwen3-8b-keep4-s42,64
eos_after_forced_close_prob,0.9999999803367244,0.9999999082018574,-7.213486707957628e-08,-1.4130025295100435e-07,-2.88301744449937e-08,64,64,64,m1_lower,8B,raw - cleaned (s42),treatment,qwen3-8b-cleanv2,qwen3-8b-keep4-s42,all,natural_stop,qwen3-8b-keep4-s42,64
next_event_close_rate,0.0,0.0,0.0,0.0,0.0,64,64,64,interval_covers_zero,8B,raw - cleaned (s42),treatment,qwen3-8b-cleanv2,qwen3-8b-keep4-s42,all,early_remaining,all,64
continue_rate,1.0,1.0,0.0,0.0,0.0,64,64,64,interval_covers_zero,8B,raw - cleaned (s42),treatment,qwen3-8b-cleanv2,qwen3-8b-keep4-s42,all,early_remaining,all,64
eos_without_close_rate,0.0,0.0,0.0,0.0,0.0,64,64,64,interval_covers_zero,8B,raw - cleaned (s42),treatment,qwen3-8b-cleanv2,qwen3-8b-keep4-s42,all,early_remaining,all,64
unresolved_rate,0.0,0.0,0.0,0.0,0.0,64,64,64,interval_covers_zero,8B,raw - cleaned (s42),treatment,qwen3-8b-cleanv2,qwen3-8b-keep4-s42,all,early_remaining,all,64
margin_first_policy,-11.6796875,-13.14453125,-1.46484375,-1.7885044642857153,-1.1411132812499996,64,64,64,m1_lower,8B,raw - cleaned (s42),treatment,qwen3-8b-cleanv2,qwen3-8b-keep4-s42,all,early_remaining,all,64
margin_first_raw,-9.67578125,-10.701171875,-1.025390625,-1.251953125,-0.7987792968750003,64,64,64,m1_lower,8B,raw - cleaned (s42),treatment,qwen3-8b-cleanv2,qwen3-8b-keep4-s42,all,early_remaining,all,64
close_prob_pre_filter,0.002104065444370624,0.00017897951528730928,-0.0019250859290833148,-0.004728959789898247,-0.0001416416470032358,64,64,64,m1_lower,8B,raw - cleaned (s42),treatment,qwen3-8b-cleanv2,qwen3-8b-keep4-s42,all,early_remaining,all,64
close_sampler_prob,0.0,0.0,0.0,0.0,0.0,64,64,64,interval_covers_zero,8B,raw - cleaned (s42),treatment,qwen3-8b-cleanv2,qwen3-8b-keep4-s42,all,early_remaining,all,64
eos_after_forced_close_prob,0.9999999098989587,0.9999997791551739,-1.307437847986037e-07,-1.9618842220792131e-07,-6.74604861389261e-08,64,64,64,m1_lower,8B,raw - cleaned (s42),treatment,qwen3-8b-cleanv2,qwen3-8b-keep4-s42,all,early_remaining,all,64
next_event_close_rate,0.0,0.0,0.0,0.0,0.0,32,32,32,interval_covers_zero,8B,raw - cleaned (s42),treatment,qwen3-8b-cleanv2,qwen3-8b-keep4-s42,all,early_remaining,qwen3-8b-cleanv2,32
continue_rate,1.0,1.0,0.0,0.0,0.0,32,32,32,interval_covers_zero,8B,raw - cleaned (s42),treatment,qwen3-8b-cleanv2,qwen3-8b-keep4-s42,all,early_remaining,qwen3-8b-cleanv2,32
eos_without_close_rate,0.0,0.0,0.0,0.0,0.0,32,32,32,interval_covers_zero,8B,raw - cleaned (s42),treatment,qwen3-8b-cleanv2,qwen3-8b-keep4-s42,all,early_remaining,qwen3-8b-cleanv2,32
unresolved_rate,0.0,0.0,0.0,0.0,0.0,32,32,32,interval_covers_zero,8B,raw - cleaned (s42),treatment,qwen3-8b-cleanv2,qwen3-8b-keep4-s42,all,early_remaining,qwen3-8b-cleanv2,32
margin_first_policy,-11.160714285714288,-12.879464285714286,-1.7187499999999982,-2.232142857142856,-1.2386997767857142,32,32,32,m1_lower,8B,raw - cleaned (s42),treatment,qwen3-8b-cleanv2,qwen3-8b-keep4-s42,all,early_remaining,qwen3-8b-cleanv2,32
margin_first_raw,-9.3125,-10.515625,-1.203125,-1.5625,-0.8670898437500005,32,32,32,m1_lower,8B,raw - cleaned (s42),treatment,qwen3-8b-cleanv2,qwen3-8b-keep4-s42,all,early_remaining,qwen3-8b-cleanv2,32
close_prob_pre_filter,0.003237050240406586,0.000221167162528582,-0.003015883077878004,-0.008098659789698995,-0.00010124364034759542,32,32,32,m1_lower,8B,raw - cleaned (s42),treatment,qwen3-8b-cleanv2,qwen3-8b-keep4-s42,all,early_remaining,qwen3-8b-cleanv2,32
close_sampler_prob,0.0,0.0,0.0,0.0,0.0,32,32,32,interval_covers_zero,8B,raw - cleaned (s42),treatment,qwen3-8b-cleanv2,qwen3-8b-keep4-s42,all,early_remaining,qwen3-8b-cleanv2,32
eos_after_forced_close_prob,0.9999998757278872,0.9999997857010408,-9.002684642211989e-08,-1.9242870549496248e-07,7.043023048103272e-09,32,32,32,interval_covers_zero,8B,raw - cleaned (s42),treatment,qwen3-8b-cleanv2,qwen3-8b-keep4-s42,all,early_remaining,qwen3-8b-cleanv2,32
next_event_close_rate,0.0,0.0,0.0,0.0,0.0,32,32,32,interval_covers_zero,8B,raw - cleaned (s42),treatment,qwen3-8b-cleanv2,qwen3-8b-keep4-s42,all,early_remaining,qwen3-8b-keep4-s42,32
continue_rate,1.0,1.0,0.0,0.0,0.0,32,32,32,interval_covers_zero,8B,raw - cleaned (s42),treatment,qwen3-8b-cleanv2,qwen3-8b-keep4-s42,all,early_remaining,qwen3-8b-keep4-s42,32
eos_without_close_rate,0.0,0.0,0.0,0.0,0.0,32,32,32,interval_covers_zero,8B,raw - cleaned (s42),treatment,qwen3-8b-cleanv2,qwen3-8b-keep4-s42,all,early_remaining,qwen3-8b-keep4-s42,32
unresolved_rate,0.0,0.0,0.0,0.0,0.0,32,32,32,interval_covers_zero,8B,raw - cleaned (s42),treatment,qwen3-8b-cleanv2,qwen3-8b-keep4-s42,all,early_remaining,qwen3-8b-keep4-s42,32
margin_first_policy,-12.198660714285715,-13.409598214285715,-1.2109375,-1.6573660714285712,-0.8035714285714288,32,32,32,m1_lower,8B,raw - cleaned (s42),treatment,qwen3-8b-cleanv2,qwen3-8b-keep4-s42,all,early_remaining,qwen3-8b-keep4-s42,32
margin_first_raw,-10.0390625,-10.88671875,-0.84765625,-1.16015625,-0.5625,32,32,32,m1_lower,8B,raw - cleaned (s42),treatment,qwen3-8b-cleanv2,qwen3-8b-keep4-s42,all,early_remaining,qwen3-8b-keep4-s42,32
close_prob_pre_filter,0.0009710806483346621,0.0001367918680460366,-0.0008342887802886256,-0.00230978402647092,-1.981018080656417e-05,32,32,32,m1_lower,8B,raw - cleaned (s42),treatment,qwen3-8b-cleanv2,qwen3-8b-keep4-s42,all,early_remaining,qwen3-8b-keep4-s42,32
close_sampler_prob,0.0,0.0,0.0,0.0,0.0,32,32,32,interval_covers_zero,8B,raw - cleaned (s42),treatment,qwen3-8b-cleanv2,qwen3-8b-keep4-s42,all,early_remaining,qwen3-8b-keep4-s42,32
eos_after_forced_close_prob,0.9999999440700301,0.9999997726093068,-1.7146072328610984e-07,-2.517875179575135e-07,-1.0315250773551555e-07,32,32,32,m1_lower,8B,raw - cleaned (s42),treatment,qwen3-8b-cleanv2,qwen3-8b-keep4-s42,all,early_remaining,qwen3-8b-keep4-s42,32
next_event_close_rate,0.017578125,0.001953125,-0.015625,-0.0361328125,0.0,64,64,64,interval_covers_zero,8B,raw - cleaned (s42),treatment,qwen3-8b-cleanv2,qwen3-8b-keep4-s42,all,pre_first_reuse,all,64
continue_rate,0.982421875,0.998046875,0.015625,0.0,0.0361328125,64,64,64,interval_covers_zero,8B,raw - cleaned (s42),treatment,qwen3-8b-cleanv2,qwen3-8b-keep4-s42,all,pre_first_reuse,all,64
eos_without_close_rate,0.0,0.0,0.0,0.0,0.0,64,64,64,interval_covers_zero,8B,raw - cleaned (s42),treatment,qwen3-8b-cleanv2,qwen3-8b-keep4-s42,all,pre_first_reuse,all,64
unresolved_rate,0.0,0.0,0.0,0.0,0.0,64,64,64,interval_covers_zero,8B,raw - cleaned (s42),treatment,qwen3-8b-cleanv2,qwen3-8b-keep4-s42,all,pre_first_reuse,all,64
margin_first_policy,-6.305803571428572,-9.009486607142858,-2.7036830357142856,-3.0023018973214297,-2.419084821428571,64,64,64,m1_lower,8B,raw - cleaned (s42),treatment,qwen3-8b-cleanv2,qwen3-8b-keep4-s42,all,pre_first_reuse,all,64
margin_first_raw,-5.9140625,-7.806640625,-1.892578125,-2.101611328125,-1.693359375,64,64,64,m1_lower,8B,raw - cleaned (s42),treatment,qwen3-8b-cleanv2,qwen3-8b-keep4-s42,all,pre_first_reuse,all,64
close_prob_pre_filter,0.044438252959586505,0.009759329423392377,-0.03467892353619413,-0.05280009445030473,-0.019639286373947098,64,64,64,m1_lower,8B,raw - cleaned (s42),treatment,qwen3-8b-cleanv2,qwen3-8b-keep4-s42,all,pre_first_reuse,all,64
close_sampler_prob,0.018978108441040094,0.003986429755176807,-0.014991678685863288,-0.03470464397892518,0.0,64,64,64,interval_covers_zero,8B,raw - cleaned (s42),treatment,qwen3-8b-cleanv2,qwen3-8b-keep4-s42,all,pre_first_reuse,all,64
eos_after_forced_close_prob,0.9999999394451844,0.9999997327167336,-2.0672845080227376e-07,-4.344806577849525e-07,-5.675277460481806e-08,64,64,64,m1_lower,8B,raw - cleaned (s42),treatment,qwen3-8b-cleanv2,qwen3-8b-keep4-s42,all,pre_first_reuse,all,64
next_event_close_rate,0.0,0.0,0.0,0.0,0.0,32,32,32,interval_covers_zero,8B,raw - cleaned (s42),treatment,qwen3-8b-cleanv2,qwen3-8b-keep4-s42,all,pre_first_reuse,qwen3-8b-cleanv2,32
continue_rate,1.0,1.0,0.0,0.0,0.0,32,32,32,interval_covers_zero,8B,raw - cleaned (s42),treatment,qwen3-8b-cleanv2,qwen3-8b-keep4-s42,all,pre_first_reuse,qwen3-8b-cleanv2,32
eos_without_close_rate,0.0,0.0,0.0,0.0,0.0,32,32,32,interval_covers_zero,8B,raw - cleaned (s42),treatment,qwen3-8b-cleanv2,qwen3-8b-keep4-s42,all,pre_first_reuse,qwen3-8b-cleanv2,32
unresolved_rate,0.0,0.0,0.0,0.0,0.0,32,32,32,interval_covers_zero,8B,raw - cleaned (s42),treatment,qwen3-8b-cleanv2,qwen3-8b-keep4-s42,all,pre_first_reuse,qwen3-8b-cleanv2,32
margin_first_policy,-6.646205357142858,-9.7265625,-3.0803571428571423,-3.4988839285714297,-2.644949776785714,32,32,32,m1_lower,8B,raw - cleaned (s42),treatment,qwen3-8b-cleanv2,qwen3-8b-keep4-s42,all,pre_first_reuse,qwen3-8b-cleanv2,32
margin_first_raw,-6.15234375,-8.30859375,-2.15625,-2.44921875,-1.8514648437500005,32,32,32,m1_lower,8B,raw - cleaned (s42),treatment,qwen3-8b-cleanv2,qwen3-8b-keep4-s42,all,pre_first_reuse,qwen3-8b-cleanv2,32
close_prob_pre_filter,0.021798247883223924,0.0012454744339598107,-0.020552773449264115,-0.03272915446731413,-0.010074556139775714,32,32,32,m1_lower,8B,raw - cleaned (s42),treatment,qwen3-8b-cleanv2,qwen3-8b-keep4-s42,all,pre_first_reuse,qwen3-8b-cleanv2,32
close_sampler_prob,0.0,0.0,0.0,0.0,0.0,32,32,32,interval_covers_zero,8B,raw - cleaned (s42),treatment,qwen3-8b-cleanv2,qwen3-8b-keep4-s42,all,pre_first_reuse,qwen3-8b-cleanv2,32
eos_after_forced_close_prob,0.9999999176059438,0.9999997777800738,-1.3982586999361502e-07,-3.147770692130125e-07,-1.8525315895190367e-08,32,32,32,m1_lower,8B,raw - cleaned (s42),treatment,qwen3-8b-cleanv2,qwen3-8b-keep4-s42,all,pre_first_reuse,qwen3-8b-cleanv2,32
next_event_close_rate,0.03515625,0.00390625,-0.03125,-0.072265625,0.0,32,32,32,interval_covers_zero,8B,raw - cleaned (s42),treatment,qwen3-8b-cleanv2,qwen3-8b-keep4-s42,all,pre_first_reuse,qwen3-8b-keep4-s42,32
continue_rate,0.96484375,0.99609375,0.03125,0.0,0.072265625,32,32,32,interval_covers_zero,8B,raw - cleaned (s42),treatment,qwen3-8b-cleanv2,qwen3-8b-keep4-s42,all,pre_first_reuse,qwen3-8b-keep4-s42,32
eos_without_close_rate,0.0,0.0,0.0,0.0,0.0,32,32,32,interval_covers_zero,8B,raw - cleaned (s42),treatment,qwen3-8b-cleanv2,qwen3-8b-keep4-s42,all,pre_first_reuse,qwen3-8b-keep4-s42,32
unresolved_rate,0.0,0.0,0.0,0.0,0.0,32,32,32,interval_covers_zero,8B,raw - cleaned (s42),treatment,qwen3-8b-cleanv2,qwen3-8b-keep4-s42,all,pre_first_reuse,qwen3-8b-keep4-s42,32
margin_first_policy,-5.9654017857142865,-8.292410714285715,-2.327008928571429,-2.7287946428571432,-1.9642857142857144,32,32,32,m1_lower,8B,raw - cleaned (s42),treatment,qwen3-8b-cleanv2,qwen3-8b-keep4-s42,all,pre_first_reuse,qwen3-8b-keep4-s42,32
margin_first_raw,-5.67578125,-7.3046875,-1.62890625,-1.91015625,-1.375,32,32,32,m1_lower,8B,raw - cleaned (s42),treatment,qwen3-8b-cleanv2,qwen3-8b-keep4-s42,all,pre_first_reuse,qwen3-8b-keep4-s42,32
close_prob_pre_filter,0.0670782580359491,0.018273184412824946,-0.04880507362312416,-0.0832615297021729,-0.022672912626273706,32,32,32,m1_lower,8B,raw - cleaned (s42),treatment,qwen3-8b-cleanv2,qwen3-8b-keep4-s42,all,pre_first_reuse,qwen3-8b-keep4-s42,32
close_sampler_prob,0.03795621688208019,0.007972859510353614,-0.029983357371726575,-0.06668434759803595,0.0,32,32,32,interval_covers_zero,8B,raw - cleaned (s42),treatment,qwen3-8b-cleanv2,qwen3-8b-keep4-s42,all,pre_first_reuse,qwen3-8b-keep4-s42,32
eos_after_forced_close_prob,0.999999961284425,0.9999996876533934,-2.736310316109325e-07,-6.754935286484853e-07,-4.2015800719164006e-08,32,32,32,m1_lower,8B,raw - cleaned (s42),treatment,qwen3-8b-cleanv2,qwen3-8b-keep4-s42,all,pre_first_reuse,qwen3-8b-keep4-s42,32
