metric,m0,m1,diff,ci_low,ci_high,n_prompts,n_m0,n_m1,direction,scale,model_tag,role,condition,n_draws
tail_capture,0.05859375,0.046875,-0.01171875,-0.03907800099206349,0.014931026684757999,59,64,64,interval_covers_zero,4B,qwen3-4b-cleanv2-s42,all,close_bias,256
tail_capture,0.05859375,0.05078125,-0.0078125,-0.04168269230769231,0.023076923076923078,59,64,64,interval_covers_zero,4B,qwen3-4b-cleanv2-s42,all,direction_a1,256
tail_capture,0.05859375,0.05859375,0.0,-0.028225806451612906,0.029411764705882346,59,64,64,interval_covers_zero,4B,qwen3-4b-cleanv2-s42,all,random_matched,256
tail_orbit,0.00390625,0.0,-0.00390625,-0.012295081967213115,0.0,59,64,64,interval_covers_zero,4B,qwen3-4b-cleanv2-s42,all,close_bias,256
tail_orbit,0.00390625,0.0,-0.00390625,-0.012295081967213115,0.0,59,64,64,interval_covers_zero,4B,qwen3-4b-cleanv2-s42,all,direction_a1,256
tail_orbit,0.00390625,0.0,-0.00390625,-0.012295081967213115,0.0,59,64,64,interval_covers_zero,4B,qwen3-4b-cleanv2-s42,all,random_matched,256
actual_eos,0.9921875,0.99609375,0.00390625,0.0,0.012295081967213184,59,64,64,interval_covers_zero,4B,qwen3-4b-cleanv2-s42,all,close_bias,256
actual_eos,0.9921875,0.9921875,0.0,-0.01171875,0.01171875,59,64,64,interval_covers_zero,4B,qwen3-4b-cleanv2-s42,all,direction_a1,256
actual_eos,0.9921875,0.9921875,0.0,-0.020491803278688603,0.016393442622950838,59,64,64,interval_covers_zero,4B,qwen3-4b-cleanv2-s42,all,random_matched,256
tail_hit_max,0.0078125,0.00390625,-0.00390625,-0.012295081967213115,0.0,59,64,64,interval_covers_zero,4B,qwen3-4b-cleanv2-s42,all,close_bias,256
tail_hit_max,0.0078125,0.0078125,0.0,-0.01171875,0.01171875,59,64,64,interval_covers_zero,4B,qwen3-4b-cleanv2-s42,all,direction_a1,256
tail_hit_max,0.0078125,0.0078125,0.0,-0.01639344262295082,0.020491803278688523,59,64,64,interval_covers_zero,4B,qwen3-4b-cleanv2-s42,all,random_matched,256
json_complete,0.9921875,0.99609375,0.00390625,0.0,0.012295081967213184,59,64,64,interval_covers_zero,4B,qwen3-4b-cleanv2-s42,all,close_bias,256
json_complete,0.9921875,0.9921875,0.0,-0.01171875,0.01171875,59,64,64,interval_covers_zero,4B,qwen3-4b-cleanv2-s42,all,direction_a1,256
json_complete,0.9921875,0.9921875,0.0,-0.020491803278688603,0.016393442622950838,59,64,64,interval_covers_zero,4B,qwen3-4b-cleanv2-s42,all,random_matched,256
new_gold_triples,1.05859375,1.3515625,0.29296875,0.05680901759530797,0.5645425700687465,59,64,64,m1_higher,4B,qwen3-4b-cleanv2-s42,all,close_bias,256
new_gold_triples,1.05859375,0.8828125,-0.17578125,-0.5118356173155738,0.11667968749999996,59,64,64,interval_covers_zero,4B,qwen3-4b-cleanv2-s42,all,direction_a1,256
new_gold_triples,1.05859375,1.1484375,0.08984375,-0.08606557377049173,0.26565104166666653,59,64,64,interval_covers_zero,4B,qwen3-4b-cleanv2-s42,all,random_matched,256
new_gold_pairs,4.2265625,4.6953125,0.46875,0.056786616161616,0.8576923076923082,59,64,64,m1_higher,4B,qwen3-4b-cleanv2-s42,all,close_bias,256
new_gold_pairs,4.2265625,4.38671875,0.16015625,-0.3185924899193551,0.6328733350409833,59,64,64,interval_covers_zero,4B,qwen3-4b-cleanv2-s42,all,direction_a1,256
new_gold_pairs,4.2265625,4.76953125,0.54296875,0.19920151654411766,0.9058481685450821,59,64,64,m1_higher,4B,qwen3-4b-cleanv2-s42,all,random_matched,256
remaining_gold_pair_recall,0.12148099599823231,0.13537124714665902,0.013890251148426708,0.001744709079141895,0.026073084248558316,59,64,64,m1_higher,4B,qwen3-4b-cleanv2-s42,all,close_bias,256
remaining_gold_pair_recall,0.12148099599823231,0.1255525370359955,0.004071541037763193,-0.011091844170525495,0.019163665244035996,59,64,64,interval_covers_zero,4B,qwen3-4b-cleanv2-s42,all,direction_a1,256
remaining_gold_pair_recall,0.12148099599823231,0.13675005318620748,0.015269057187975166,0.0035377073512191525,0.02739966749463011,59,64,64,m1_higher,4B,qwen3-4b-cleanv2-s42,all,random_matched,256
tail_tokens,1876.1640625,1886.2578125,10.09375,-243.36795944940474,203.40975806451615,59,64,64,interval_covers_zero,4B,qwen3-4b-cleanv2-s42,all,close_bias,256
tail_tokens,1876.1640625,1878.9765625,2.8125,-299.48477202868867,275.53694672131127,59,64,64,interval_covers_zero,4B,qwen3-4b-cleanv2-s42,all,direction_a1,256
tail_tokens,1876.1640625,1927.76953125,51.60546875,-336.5952182678821,517.5139204545452,59,64,64,interval_covers_zero,4B,qwen3-4b-cleanv2-s42,all,random_matched,256
n_blocks_tail,32.515625,32.2109375,-0.3046875,-5.834280303030305,3.385392979904811,59,64,64,interval_covers_zero,4B,qwen3-4b-cleanv2-s42,all,close_bias,256
n_blocks_tail,32.515625,32.56640625,0.05078125,-6.335820895522387,5.564542570068752,59,64,64,interval_covers_zero,4B,qwen3-4b-cleanv2-s42,all,direction_a1,256
n_blocks_tail,32.515625,33.875,1.359375,-6.484615721288519,11.084280303030301,59,64,64,interval_covers_zero,4B,qwen3-4b-cleanv2-s42,all,random_matched,256
tail_capture,0.0625,0.0625,0.0,-0.0546875,0.0546875,32,32,32,interval_covers_zero,4B,qwen3-4b-cleanv2-s42,early_remaining,close_bias,128
tail_capture,0.0625,0.0703125,0.0078125,-0.046875,0.0625,32,32,32,interval_covers_zero,4B,qwen3-4b-cleanv2-s42,early_remaining,direction_a1,128
tail_capture,0.0625,0.09375,0.03125,-0.015625,0.078125,32,32,32,interval_covers_zero,4B,qwen3-4b-cleanv2-s42,early_remaining,random_matched,128
tail_orbit,0.0,0.0,0.0,0.0,0.0,32,32,32,interval_covers_zero,4B,qwen3-4b-cleanv2-s42,early_remaining,close_bias,128
tail_orbit,0.0,0.0,0.0,0.0,0.0,32,32,32,interval_covers_zero,4B,qwen3-4b-cleanv2-s42,early_remaining,direction_a1,128
tail_orbit,0.0,0.0,0.0,0.0,0.0,32,32,32,interval_covers_zero,4B,qwen3-4b-cleanv2-s42,early_remaining,random_matched,128
actual_eos,1.0,1.0,0.0,0.0,0.0,32,32,32,interval_covers_zero,4B,qwen3-4b-cleanv2-s42,early_remaining,close_bias,128
actual_eos,1.0,0.9921875,-0.0078125,-0.0234375,0.0,32,32,32,interval_covers_zero,4B,qwen3-4b-cleanv2-s42,early_remaining,direction_a1,128
actual_eos,1.0,0.984375,-0.015625,-0.046875,0.0,32,32,32,interval_covers_zero,4B,qwen3-4b-cleanv2-s42,early_remaining,random_matched,128
tail_hit_max,0.0,0.0,0.0,0.0,0.0,32,32,32,interval_covers_zero,4B,qwen3-4b-cleanv2-s42,early_remaining,close_bias,128
tail_hit_max,0.0,0.0078125,0.0078125,0.0,0.0234375,32,32,32,interval_covers_zero,4B,qwen3-4b-cleanv2-s42,early_remaining,direction_a1,128
tail_hit_max,0.0,0.015625,0.015625,0.0,0.046875,32,32,32,interval_covers_zero,4B,qwen3-4b-cleanv2-s42,early_remaining,random_matched,128
json_complete,1.0,1.0,0.0,0.0,0.0,32,32,32,interval_covers_zero,4B,qwen3-4b-cleanv2-s42,early_remaining,close_bias,128
json_complete,1.0,0.9921875,-0.0078125,-0.0234375,0.0,32,32,32,interval_covers_zero,4B,qwen3-4b-cleanv2-s42,early_remaining,direction_a1,128
json_complete,1.0,0.984375,-0.015625,-0.046875,0.0,32,32,32,interval_covers_zero,4B,qwen3-4b-cleanv2-s42,early_remaining,random_matched,128
new_gold_triples,1.7578125,2.234375,0.4765625,0.07011718750000001,0.9296875,32,32,32,m1_higher,4B,qwen3-4b-cleanv2-s42,early_remaining,close_bias,128
new_gold_triples,1.7578125,1.5390625,-0.21875,-0.8515625,0.31269531249999893,32,32,32,interval_covers_zero,4B,qwen3-4b-cleanv2-s42,early_remaining,direction_a1,128
new_gold_triples,1.7578125,1.9921875,0.234375,-0.10175781249999999,0.546875,32,32,32,interval_covers_zero,4B,qwen3-4b-cleanv2-s42,early_remaining,random_matched,128
new_gold_pairs,7.265625,8.09375,0.828125,0.1328125,1.476757812499999,32,32,32,m1_higher,4B,qwen3-4b-cleanv2-s42,early_remaining,close_bias,128
new_gold_pairs,7.265625,7.90625,0.640625,-0.171875,1.40625,32,32,32,interval_covers_zero,4B,qwen3-4b-cleanv2-s42,early_remaining,direction_a1,128
new_gold_pairs,7.265625,8.296875,1.03125,0.4609375,1.633007812499999,32,32,32,m1_higher,4B,qwen3-4b-cleanv2-s42,early_remaining,random_matched,128
remaining_gold_pair_recall,0.20058181383391027,0.2284631910105447,0.027881377176634414,0.008901206263423164,0.046378327564869676,32,32,32,m1_higher,4B,qwen3-4b-cleanv2-s42,early_remaining,close_bias,128
remaining_gold_pair_recall,0.20058181383391027,0.22350046078668376,0.022918646952773486,-0.0010966264601940936,0.045917582629136575,32,32,32,interval_covers_zero,4B,qwen3-4b-cleanv2-s42,early_remaining,direction_a1,128
remaining_gold_pair_recall,0.20058181383391027,0.23308214339292624,0.03250032955901597,0.015121682858162762,0.05146581276785032,32,32,32,m1_higher,4B,qwen3-4b-cleanv2-s42,early_remaining,random_matched,128
tail_tokens,2526.0234375,2668.21875,142.1953125,-78.1306640625,382.48222656249993,32,32,32,interval_covers_zero,4B,qwen3-4b-cleanv2-s42,early_remaining,close_bias,128
tail_tokens,2526.0234375,2775.78125,249.7578125,-86.423046875,692.3039062499998,32,32,32,interval_covers_zero,4B,qwen3-4b-cleanv2-s42,early_remaining,direction_a1,128
tail_tokens,2526.0234375,2998.828125,472.8046875,-9.708203124999999,1274.6499999999992,32,32,32,interval_covers_zero,4B,qwen3-4b-cleanv2-s42,early_remaining,random_matched,128
n_blocks_tail,43.5078125,45.796875,2.2890625,-1.2814453125,6.250390624999998,32,32,32,interval_covers_zero,4B,qwen3-4b-cleanv2-s42,early_remaining,close_bias,128
n_blocks_tail,43.5078125,48.9765625,5.46875,-0.3048828125,13.516796874999994,32,32,32,interval_covers_zero,4B,qwen3-4b-cleanv2-s42,early_remaining,direction_a1,128
n_blocks_tail,43.5078125,53.1796875,9.671875,-0.10214843749999997,26.360351562499993,32,32,32,interval_covers_zero,4B,qwen3-4b-cleanv2-s42,early_remaining,random_matched,128
tail_capture,0.0,0.015625,0.015625,0.0,0.046875,16,16,16,interval_covers_zero,4B,qwen3-4b-cleanv2-s42,natural_stop,close_bias,64
tail_capture,0.0,0.03125,0.03125,0.0,0.09375,16,16,16,interval_covers_zero,4B,qwen3-4b-cleanv2-s42,natural_stop,direction_a1,64
tail_capture,0.0,0.0,0.0,0.0,0.0,16,16,16,interval_covers_zero,4B,qwen3-4b-cleanv2-s42,natural_stop,random_matched,64
tail_orbit,0.0,0.0,0.0,0.0,0.0,16,16,16,interval_covers_zero,4B,qwen3-4b-cleanv2-s42,natural_stop,close_bias,64
tail_orbit,0.0,0.0,0.0,0.0,0.0,16,16,16,interval_covers_zero,4B,qwen3-4b-cleanv2-s42,natural_stop,direction_a1,64
tail_orbit,0.0,0.0,0.0,0.0,0.0,16,16,16,interval_covers_zero,4B,qwen3-4b-cleanv2-s42,natural_stop,random_matched,64
actual_eos,1.0,1.0,0.0,0.0,0.0,16,16,16,interval_covers_zero,4B,qwen3-4b-cleanv2-s42,natural_stop,close_bias,64
actual_eos,1.0,1.0,0.0,0.0,0.0,16,16,16,interval_covers_zero,4B,qwen3-4b-cleanv2-s42,natural_stop,direction_a1,64
actual_eos,1.0,1.0,0.0,0.0,0.0,16,16,16,interval_covers_zero,4B,qwen3-4b-cleanv2-s42,natural_stop,random_matched,64
tail_hit_max,0.0,0.0,0.0,0.0,0.0,16,16,16,interval_covers_zero,4B,qwen3-4b-cleanv2-s42,natural_stop,close_bias,64
tail_hit_max,0.0,0.0,0.0,0.0,0.0,16,16,16,interval_covers_zero,4B,qwen3-4b-cleanv2-s42,natural_stop,direction_a1,64
tail_hit_max,0.0,0.0,0.0,0.0,0.0,16,16,16,interval_covers_zero,4B,qwen3-4b-cleanv2-s42,natural_stop,random_matched,64
json_complete,1.0,1.0,0.0,0.0,0.0,16,16,16,interval_covers_zero,4B,qwen3-4b-cleanv2-s42,natural_stop,close_bias,64
json_complete,1.0,1.0,0.0,0.0,0.0,16,16,16,interval_covers_zero,4B,qwen3-4b-cleanv2-s42,natural_stop,direction_a1,64
json_complete,1.0,1.0,0.0,0.0,0.0,16,16,16,interval_covers_zero,4B,qwen3-4b-cleanv2-s42,natural_stop,random_matched,64
new_gold_triples,0.0,0.0,0.0,0.0,0.0,16,16,16,interval_covers_zero,4B,qwen3-4b-cleanv2-s42,natural_stop,close_bias,64
new_gold_triples,0.0,0.0,0.0,0.0,0.0,16,16,16,interval_covers_zero,4B,qwen3-4b-cleanv2-s42,natural_stop,direction_a1,64
new_gold_triples,0.0,0.0,0.0,0.0,0.0,16,16,16,interval_covers_zero,4B,qwen3-4b-cleanv2-s42,natural_stop,random_matched,64
new_gold_pairs,0.0,0.0,0.0,0.0,0.0,16,16,16,interval_covers_zero,4B,qwen3-4b-cleanv2-s42,natural_stop,close_bias,64
new_gold_pairs,0.0,0.03125,0.03125,0.0,0.09375,16,16,16,interval_covers_zero,4B,qwen3-4b-cleanv2-s42,natural_stop,direction_a1,64
new_gold_pairs,0.0,0.015625,0.015625,0.0,0.046875,16,16,16,interval_covers_zero,4B,qwen3-4b-cleanv2-s42,natural_stop,random_matched,64
remaining_gold_pair_recall,0.0,0.0,0.0,0.0,0.0,16,16,16,interval_covers_zero,4B,qwen3-4b-cleanv2-s42,natural_stop,close_bias,64
remaining_gold_pair_recall,0.0,0.0010080645161290322,0.0010080645161290322,0.0,0.0030241935483870967,16,16,16,interval_covers_zero,4B,qwen3-4b-cleanv2-s42,natural_stop,direction_a1,64
remaining_gold_pair_recall,0.0,0.0005040322580645161,0.0005040322580645161,0.0,0.0015120967741935483,16,16,16,interval_covers_zero,4B,qwen3-4b-cleanv2-s42,natural_stop,random_matched,64
tail_tokens,98.859375,143.5,44.640625,8.06171875,88.109765625,16,16,16,m1_higher,4B,qwen3-4b-cleanv2-s42,natural_stop,close_bias,64
tail_tokens,98.859375,202.40625,103.546875,34.044921875,187.04999999999998,16,16,16,m1_higher,4B,qwen3-4b-cleanv2-s42,natural_stop,direction_a1,64
tail_tokens,98.859375,107.09375,8.234375,-19.344140625,44.812890624999994,16,16,16,interval_covers_zero,4B,qwen3-4b-cleanv2-s42,natural_stop,random_matched,64
n_blocks_tail,1.421875,2.234375,0.8125,0.15625,1.6097656249999979,16,16,16,m1_higher,4B,qwen3-4b-cleanv2-s42,natural_stop,close_bias,64
n_blocks_tail,1.421875,3.09375,1.671875,0.578125,2.9375,16,16,16,m1_higher,4B,qwen3-4b-cleanv2-s42,natural_stop,direction_a1,64
n_blocks_tail,1.421875,1.609375,0.1875,-0.296875,0.875,16,16,16,interval_covers_zero,4B,qwen3-4b-cleanv2-s42,natural_stop,random_matched,64
tail_capture,0.109375,0.046875,-0.0625,-0.125,-0.015625,16,16,16,m1_lower,4B,qwen3-4b-cleanv2-s42,pre_first_reuse,close_bias,64
tail_capture,0.109375,0.03125,-0.078125,-0.15625,-0.015625,16,16,16,m1_lower,4B,qwen3-4b-cleanv2-s42,pre_first_reuse,direction_a1,64
tail_capture,0.109375,0.046875,-0.0625,-0.109375,-0.015625,16,16,16,m1_lower,4B,qwen3-4b-cleanv2-s42,pre_first_reuse,random_matched,64
tail_orbit,0.015625,0.0,-0.015625,-0.046875,0.0,16,16,16,interval_covers_zero,4B,qwen3-4b-cleanv2-s42,pre_first_reuse,close_bias,64
tail_orbit,0.015625,0.0,-0.015625,-0.046875,0.0,16,16,16,interval_covers_zero,4B,qwen3-4b-cleanv2-s42,pre_first_reuse,direction_a1,64
tail_orbit,0.015625,0.0,-0.015625,-0.046875,0.0,16,16,16,interval_covers_zero,4B,qwen3-4b-cleanv2-s42,pre_first_reuse,random_matched,64
actual_eos,0.96875,0.984375,0.015625,0.0,0.046875,16,16,16,interval_covers_zero,4B,qwen3-4b-cleanv2-s42,pre_first_reuse,close_bias,64
actual_eos,0.96875,0.984375,0.015625,0.0,0.046875,16,16,16,interval_covers_zero,4B,qwen3-4b-cleanv2-s42,pre_first_reuse,direction_a1,64
actual_eos,0.96875,1.0,0.03125,0.0,0.078125,16,16,16,interval_covers_zero,4B,qwen3-4b-cleanv2-s42,pre_first_reuse,random_matched,64
tail_hit_max,0.03125,0.015625,-0.015625,-0.046875,0.0,16,16,16,interval_covers_zero,4B,qwen3-4b-cleanv2-s42,pre_first_reuse,close_bias,64
tail_hit_max,0.03125,0.015625,-0.015625,-0.046875,0.0,16,16,16,interval_covers_zero,4B,qwen3-4b-cleanv2-s42,pre_first_reuse,direction_a1,64
tail_hit_max,0.03125,0.0,-0.03125,-0.078125,0.0,16,16,16,interval_covers_zero,4B,qwen3-4b-cleanv2-s42,pre_first_reuse,random_matched,64
json_complete,0.96875,0.984375,0.015625,0.0,0.046875,16,16,16,interval_covers_zero,4B,qwen3-4b-cleanv2-s42,pre_first_reuse,close_bias,64
json_complete,0.96875,0.984375,0.015625,0.0,0.046875,16,16,16,interval_covers_zero,4B,qwen3-4b-cleanv2-s42,pre_first_reuse,direction_a1,64
json_complete,0.96875,1.0,0.03125,0.0,0.078125,16,16,16,interval_covers_zero,4B,qwen3-4b-cleanv2-s42,pre_first_reuse,random_matched,64
new_gold_triples,0.71875,0.9375,0.21875,-0.203125,0.640625,16,16,16,interval_covers_zero,4B,qwen3-4b-cleanv2-s42,pre_first_reuse,close_bias,64
new_gold_triples,0.71875,0.453125,-0.265625,-0.609375,0.0625,16,16,16,interval_covers_zero,4B,qwen3-4b-cleanv2-s42,pre_first_reuse,direction_a1,64
new_gold_triples,0.71875,0.609375,-0.109375,-0.40625,0.125,16,16,16,interval_covers_zero,4B,qwen3-4b-cleanv2-s42,pre_first_reuse,random_matched,64
new_gold_pairs,2.375,2.59375,0.21875,-0.53125,0.96875,16,16,16,interval_covers_zero,4B,qwen3-4b-cleanv2-s42,pre_first_reuse,close_bias,64
new_gold_pairs,2.375,1.703125,-0.671875,-1.453125,0.046875,16,16,16,interval_covers_zero,4B,qwen3-4b-cleanv2-s42,pre_first_reuse,direction_a1,64
new_gold_pairs,2.375,2.46875,0.09375,-0.59375,0.7035156249999979,16,16,16,interval_covers_zero,4B,qwen3-4b-cleanv2-s42,pre_first_reuse,random_matched,64
remaining_gold_pair_recall,0.08476035632510873,0.08455860656554673,-0.0002017497595619977,-0.025568224378458754,0.02548633957308127,16,16,16,interval_covers_zero,4B,qwen3-4b-cleanv2-s42,pre_first_reuse,close_bias,64
remaining_gold_pair_recall,0.08476035632510873,0.05420116205448541,-0.030559194270623313,-0.06532667083357582,-0.0022526900791273253,16,16,16,m1_lower,4B,qwen3-4b-cleanv2-s42,pre_first_reuse,direction_a1,64
remaining_gold_pair_recall,0.08476035632510873,0.08033189370091298,-0.004428462624195745,-0.03207480363578202,0.01804890519002933,16,16,16,interval_covers_zero,4B,qwen3-4b-cleanv2-s42,pre_first_reuse,random_matched,64
tail_tokens,2353.75,2065.09375,-288.65625,-1117.54765625,227.40039062499994,16,16,16,interval_covers_zero,4B,qwen3-4b-cleanv2-s42,pre_first_reuse,close_bias,64
tail_tokens,2353.75,1761.9375,-591.8125,-1451.072265625,-56.0570312500002,16,16,16,m1_lower,4B,qwen3-4b-cleanv2-s42,pre_first_reuse,direction_a1,64
tail_tokens,2353.75,1606.328125,-747.421875,-1649.33671875,-43.28984375000004,16,16,16,m1_lower,4B,qwen3-4b-cleanv2-s42,pre_first_reuse,random_matched,64
n_blocks_tail,41.625,35.015625,-6.609375,-24.782421875,4.515625,16,16,16,interval_covers_zero,4B,qwen3-4b-cleanv2-s42,pre_first_reuse,close_bias,64
n_blocks_tail,41.625,29.21875,-12.40625,-31.17265625,-1.0617187500000043,16,16,16,m1_lower,4B,qwen3-4b-cleanv2-s42,pre_first_reuse,direction_a1,64
n_blocks_tail,41.625,27.53125,-14.09375,-32.784375,-1.203125,16,16,16,m1_lower,4B,qwen3-4b-cleanv2-s42,pre_first_reuse,random_matched,64
tail_capture,0.27734375,0.3046875,0.02734375,-0.03228494623655916,0.09091810966810959,59,64,64,interval_covers_zero,4B,qwen3-4b-keep4-s42,all,close_bias,256
tail_capture,0.27734375,0.21875,-0.05859375,-0.13044314381270902,0.008333333333333304,59,64,64,interval_covers_zero,4B,qwen3-4b-keep4-s42,all,direction_a1,256
tail_capture,0.27734375,0.2578125,-0.01953125,-0.08076923076923076,0.041666666666666685,59,64,64,interval_covers_zero,4B,qwen3-4b-keep4-s42,all,random_matched,256
tail_orbit,0.0234375,0.04296875,0.01953125,-0.010571034905082669,0.05080140128968243,59,64,64,interval_covers_zero,4B,qwen3-4b-keep4-s42,all,close_bias,256
tail_orbit,0.0234375,0.01953125,-0.00390625,-0.03571428571428571,0.033582089552238806,59,64,64,interval_covers_zero,4B,qwen3-4b-keep4-s42,all,direction_a1,256
tail_orbit,0.0234375,0.015625,-0.0078125,-0.033582089552238806,0.015151515151515152,59,64,64,interval_covers_zero,4B,qwen3-4b-keep4-s42,all,random_matched,256
actual_eos,0.8359375,0.8359375,0.0,-0.04296875,0.04230769230769227,59,64,64,interval_covers_zero,4B,qwen3-4b-keep4-s42,all,close_bias,256
actual_eos,0.8359375,0.8671875,0.03125,-0.015625,0.078125,59,64,64,interval_covers_zero,4B,qwen3-4b-keep4-s42,all,direction_a1,256
actual_eos,0.8359375,0.85546875,0.01953125,-0.01953125,0.05884103641456574,59,64,64,interval_covers_zero,4B,qwen3-4b-keep4-s42,all,random_matched,256
tail_hit_max,0.1640625,0.1640625,0.0,-0.042307692307692296,0.04296875,59,64,64,interval_covers_zero,4B,qwen3-4b-keep4-s42,all,close_bias,256
tail_hit_max,0.1640625,0.1328125,-0.03125,-0.078125,0.015625,59,64,64,interval_covers_zero,4B,qwen3-4b-keep4-s42,all,direction_a1,256
tail_hit_max,0.1640625,0.14453125,-0.01953125,-0.05884103641456584,0.01953125,59,64,64,interval_covers_zero,4B,qwen3-4b-keep4-s42,all,random_matched,256
json_complete,0.8359375,0.8359375,0.0,-0.04296875,0.04230769230769227,59,64,64,interval_covers_zero,4B,qwen3-4b-keep4-s42,all,close_bias,256
json_complete,0.8359375,0.8671875,0.03125,-0.015625,0.078125,59,64,64,interval_covers_zero,4B,qwen3-4b-keep4-s42,all,direction_a1,256
json_complete,0.8359375,0.85546875,0.01953125,-0.01953125,0.05884103641456574,59,64,64,interval_covers_zero,4B,qwen3-4b-keep4-s42,all,random_matched,256
new_gold_triples,1.30078125,1.10546875,-0.1953125,-0.49596934203789034,0.03634460297766727,59,64,64,interval_covers_zero,4B,qwen3-4b-keep4-s42,all,close_bias,256
new_gold_triples,1.30078125,1.3515625,0.05078125,-0.20498575993331491,0.31259765624999947,59,64,64,interval_covers_zero,4B,qwen3-4b-keep4-s42,all,direction_a1,256
new_gold_triples,1.30078125,1.06640625,-0.234375,-0.6587578064012491,0.06564813590692722,59,64,64,interval_covers_zero,4B,qwen3-4b-keep4-s42,all,random_matched,256
new_gold_pairs,5.03125,4.77734375,-0.25390625,-0.7578156001984127,0.2379032258064511,59,64,64,interval_covers_zero,4B,qwen3-4b-keep4-s42,all,close_bias,256
new_gold_pairs,5.03125,5.15234375,0.12109375,-0.5277889784946236,0.8185810009487671,59,64,64,interval_covers_zero,4B,qwen3-4b-keep4-s42,all,direction_a1,256
new_gold_pairs,5.03125,4.890625,-0.140625,-1.019922161172162,0.6553267045454544,59,64,64,interval_covers_zero,4B,qwen3-4b-keep4-s42,all,random_matched,256
remaining_gold_pair_recall,0.14537718850319442,0.13924993876441055,-0.006127249738783869,-0.020268572330363097,0.008139004037050045,59,64,64,interval_covers_zero,4B,qwen3-4b-keep4-s42,all,close_bias,256
remaining_gold_pair_recall,0.14537718850319442,0.15171223559129154,0.006335047088097123,-0.013260981778584254,0.026470194368727707,59,64,64,interval_covers_zero,4B,qwen3-4b-keep4-s42,all,direction_a1,256
remaining_gold_pair_recall,0.14537718850319442,0.14600451547674695,0.0006273269735525278,-0.019492295830535022,0.020904188414007967,59,64,64,interval_covers_zero,4B,qwen3-4b-keep4-s42,all,random_matched,256
tail_tokens,6638.71875,6889.72265625,251.00390625,-651.6119177018634,1148.4588741179425,59,64,64,interval_covers_zero,4B,qwen3-4b-keep4-s42,all,close_bias,256
tail_tokens,6638.71875,6036.41015625,-602.30859375,-1694.6753878066386,511.30357306984996,59,64,64,interval_covers_zero,4B,qwen3-4b-keep4-s42,all,direction_a1,256
tail_tokens,6638.71875,6424.5390625,-214.1796875,-1157.6327786224215,764.6837289663451,59,64,64,interval_covers_zero,4B,qwen3-4b-keep4-s42,all,random_matched,256
n_blocks_tail,117.125,122.78515625,5.66015625,-11.194796316964299,22.332674032182826,59,64,64,interval_covers_zero,4B,qwen3-4b-keep4-s42,all,close_bias,256
n_blocks_tail,117.125,105.75390625,-11.37109375,-31.544261955492424,8.434162636408727,59,64,64,interval_covers_zero,4B,qwen3-4b-keep4-s42,all,direction_a1,256
n_blocks_tail,117.125,112.2265625,-4.8984375,-21.93959216101695,12.647646949404752,59,64,64,interval_covers_zero,4B,qwen3-4b-keep4-s42,all,random_matched,256
tail_capture,0.296875,0.3203125,0.0234375,-0.0703125,0.109375,32,32,32,interval_covers_zero,4B,qwen3-4b-keep4-s42,early_remaining,close_bias,128
tail_capture,0.296875,0.2421875,-0.0546875,-0.15625,0.046875,32,32,32,interval_covers_zero,4B,qwen3-4b-keep4-s42,early_remaining,direction_a1,128
tail_capture,0.296875,0.25,-0.046875,-0.1328125,0.03125,32,32,32,interval_covers_zero,4B,qwen3-4b-keep4-s42,early_remaining,random_matched,128
tail_orbit,0.0234375,0.046875,0.0234375,-0.03125,0.078125,32,32,32,interval_covers_zero,4B,qwen3-4b-keep4-s42,early_remaining,close_bias,128
tail_orbit,0.0234375,0.03125,0.0078125,-0.046875,0.0703125,32,32,32,interval_covers_zero,4B,qwen3-4b-keep4-s42,early_remaining,direction_a1,128
tail_orbit,0.0234375,0.0078125,-0.015625,-0.0546875,0.015625,32,32,32,interval_covers_zero,4B,qwen3-4b-keep4-s42,early_remaining,random_matched,128
actual_eos,0.8046875,0.8046875,0.0,-0.0703125,0.0703125,32,32,32,interval_covers_zero,4B,qwen3-4b-keep4-s42,early_remaining,close_bias,128
actual_eos,0.8046875,0.8515625,0.046875,-0.015625,0.109375,32,32,32,interval_covers_zero,4B,qwen3-4b-keep4-s42,early_remaining,direction_a1,128
actual_eos,0.8046875,0.84375,0.0390625,0.0,0.0859375,32,32,32,interval_covers_zero,4B,qwen3-4b-keep4-s42,early_remaining,random_matched,128
tail_hit_max,0.1953125,0.1953125,0.0,-0.0703125,0.0703125,32,32,32,interval_covers_zero,4B,qwen3-4b-keep4-s42,early_remaining,close_bias,128
tail_hit_max,0.1953125,0.1484375,-0.046875,-0.109375,0.015625,32,32,32,interval_covers_zero,4B,qwen3-4b-keep4-s42,early_remaining,direction_a1,128
tail_hit_max,0.1953125,0.15625,-0.0390625,-0.0859375,0.0,32,32,32,interval_covers_zero,4B,qwen3-4b-keep4-s42,early_remaining,random_matched,128
json_complete,0.8046875,0.8046875,0.0,-0.0703125,0.0703125,32,32,32,interval_covers_zero,4B,qwen3-4b-keep4-s42,early_remaining,close_bias,128
json_complete,0.8046875,0.8515625,0.046875,-0.015625,0.109375,32,32,32,interval_covers_zero,4B,qwen3-4b-keep4-s42,early_remaining,direction_a1,128
json_complete,0.8046875,0.84375,0.0390625,0.0,0.0859375,32,32,32,interval_covers_zero,4B,qwen3-4b-keep4-s42,early_remaining,random_matched,128
new_gold_triples,2.0703125,1.7265625,-0.34375,-0.9142578125,0.109375,32,32,32,interval_covers_zero,4B,qwen3-4b-keep4-s42,early_remaining,close_bias,128
new_gold_triples,2.0703125,2.03125,-0.0390625,-0.5,0.375,32,32,32,interval_covers_zero,4B,qwen3-4b-keep4-s42,early_remaining,direction_a1,128
new_gold_triples,2.0703125,1.6953125,-0.375,-1.1564453125,0.1953125,32,32,32,interval_covers_zero,4B,qwen3-4b-keep4-s42,early_remaining,random_matched,128
new_gold_pairs,8.28125,7.953125,-0.328125,-1.21875,0.5236328124999989,32,32,32,interval_covers_zero,4B,qwen3-4b-keep4-s42,early_remaining,close_bias,128
new_gold_pairs,8.28125,8.2265625,-0.0546875,-1.28125,1.070507812499999,32,32,32,interval_covers_zero,4B,qwen3-4b-keep4-s42,early_remaining,direction_a1,128
new_gold_pairs,8.28125,8.0078125,-0.2734375,-1.8283203125,1.078320312499999,32,32,32,interval_covers_zero,4B,qwen3-4b-keep4-s42,early_remaining,random_matched,128
remaining_gold_pair_recall,0.23263925397897656,0.22489281897363875,-0.0077464350053378095,-0.03212013171605241,0.015381019076363127,32,32,32,interval_covers_zero,4B,qwen3-4b-keep4-s42,early_remaining,close_bias,128
remaining_gold_pair_recall,0.23263925397897656,0.22832173453183996,-0.004317519447136597,-0.03767813703616219,0.02719416521727135,32,32,32,interval_covers_zero,4B,qwen3-4b-keep4-s42,early_remaining,direction_a1,128
remaining_gold_pair_recall,0.23263925397897656,0.22938093299822834,-0.003258320980748214,-0.03932119367656106,0.030255709207414556,32,32,32,interval_covers_zero,4B,qwen3-4b-keep4-s42,early_remaining,random_matched,128
tail_tokens,8449.9921875,8908.1640625,458.171875,-889.783203125,1796.9001953125,32,32,32,interval_covers_zero,4B,qwen3-4b-keep4-s42,early_remaining,close_bias,128
tail_tokens,8449.9921875,7758.140625,-691.8515625,-2190.978125,865.6054687499985,32,32,32,interval_covers_zero,4B,qwen3-4b-keep4-s42,early_remaining,direction_a1,128
tail_tokens,8449.9921875,7808.6015625,-641.390625,-1645.926953125,396.76562499999955,32,32,32,interval_covers_zero,4B,qwen3-4b-keep4-s42,early_remaining,random_matched,128
n_blocks_tail,149.0703125,159.8828125,10.8125,-14.4111328125,35.72812499999999,32,32,32,interval_covers_zero,4B,qwen3-4b-keep4-s42,early_remaining,close_bias,128
n_blocks_tail,149.0703125,137.890625,-11.1796875,-36.7513671875,15.837695312499948,32,32,32,interval_covers_zero,4B,qwen3-4b-keep4-s42,early_remaining,direction_a1,128
n_blocks_tail,149.0703125,137.78125,-11.2890625,-29.856640625,7.9964843749999766,32,32,32,interval_covers_zero,4B,qwen3-4b-keep4-s42,early_remaining,random_matched,128
tail_capture,0.234375,0.203125,-0.03125,-0.078125,0.0,16,16,16,interval_covers_zero,4B,qwen3-4b-keep4-s42,natural_stop,close_bias,64
tail_capture,0.234375,0.125,-0.109375,-0.21875,-0.015625,16,16,16,m1_lower,4B,qwen3-4b-keep4-s42,natural_stop,direction_a1,64
tail_capture,0.234375,0.15625,-0.078125,-0.1875,0.015625,16,16,16,interval_covers_zero,4B,qwen3-4b-keep4-s42,natural_stop,random_matched,64
tail_orbit,0.0,0.0,0.0,0.0,0.0,16,16,16,interval_covers_zero,4B,qwen3-4b-keep4-s42,natural_stop,close_bias,64
tail_orbit,0.0,0.0,0.0,0.0,0.0,16,16,16,interval_covers_zero,4B,qwen3-4b-keep4-s42,natural_stop,direction_a1,64
tail_orbit,0.0,0.0,0.0,0.0,0.0,16,16,16,interval_covers_zero,4B,qwen3-4b-keep4-s42,natural_stop,random_matched,64
actual_eos,0.90625,0.921875,0.015625,0.0,0.046875,16,16,16,interval_covers_zero,4B,qwen3-4b-keep4-s42,natural_stop,close_bias,64
actual_eos,0.90625,0.90625,0.0,0.0,0.0,16,16,16,interval_covers_zero,4B,qwen3-4b-keep4-s42,natural_stop,direction_a1,64
actual_eos,0.90625,0.921875,0.015625,0.0,0.046875,16,16,16,interval_covers_zero,4B,qwen3-4b-keep4-s42,natural_stop,random_matched,64
tail_hit_max,0.09375,0.078125,-0.015625,-0.046875,0.0,16,16,16,interval_covers_zero,4B,qwen3-4b-keep4-s42,natural_stop,close_bias,64
tail_hit_max,0.09375,0.09375,0.0,0.0,0.0,16,16,16,interval_covers_zero,4B,qwen3-4b-keep4-s42,natural_stop,direction_a1,64
tail_hit_max,0.09375,0.078125,-0.015625,-0.046875,0.0,16,16,16,interval_covers_zero,4B,qwen3-4b-keep4-s42,natural_stop,random_matched,64
json_complete,0.90625,0.921875,0.015625,0.0,0.046875,16,16,16,interval_covers_zero,4B,qwen3-4b-keep4-s42,natural_stop,close_bias,64
json_complete,0.90625,0.90625,0.0,0.0,0.0,16,16,16,interval_covers_zero,4B,qwen3-4b-keep4-s42,natural_stop,direction_a1,64
json_complete,0.90625,0.921875,0.015625,0.0,0.046875,16,16,16,interval_covers_zero,4B,qwen3-4b-keep4-s42,natural_stop,random_matched,64
new_gold_triples,0.15625,0.203125,0.046875,0.0,0.140625,16,16,16,interval_covers_zero,4B,qwen3-4b-keep4-s42,natural_stop,close_bias,64
new_gold_triples,0.15625,0.046875,-0.109375,-0.328125,0.0,16,16,16,interval_covers_zero,4B,qwen3-4b-keep4-s42,natural_stop,direction_a1,64
new_gold_triples,0.15625,0.203125,0.046875,0.0,0.09375,16,16,16,interval_covers_zero,4B,qwen3-4b-keep4-s42,natural_stop,random_matched,64
new_gold_pairs,0.390625,0.609375,0.21875,0.0,0.53125,16,16,16,interval_covers_zero,4B,qwen3-4b-keep4-s42,natural_stop,close_bias,64
new_gold_pairs,0.390625,0.296875,-0.09375,-0.296875,0.03125,16,16,16,interval_covers_zero,4B,qwen3-4b-keep4-s42,natural_stop,direction_a1,64
new_gold_pairs,0.390625,0.5625,0.171875,-0.0625,0.5625,16,16,16,interval_covers_zero,4B,qwen3-4b-keep4-s42,natural_stop,random_matched,64
remaining_gold_pair_recall,0.010302745500113921,0.01643312827523354,0.006130382775119618,0.0,0.015101674641148328,16,16,16,interval_covers_zero,4B,qwen3-4b-keep4-s42,natural_stop,close_bias,64
remaining_gold_pair_recall,0.010302745500113921,0.007937101275917065,-0.0023656442241968556,-0.007773339598997495,0.000946969696969697,16,16,16,interval_covers_zero,4B,qwen3-4b-keep4-s42,natural_stop,direction_a1,64
remaining_gold_pair_recall,0.010302745500113921,0.01699561403508772,0.006692868534973799,-0.0014204545454545455,0.01878996140920483,16,16,16,interval_covers_zero,4B,qwen3-4b-keep4-s42,natural_stop,random_matched,64
tail_tokens,2421.609375,2225.703125,-195.90625,-710.041796875,118.06523437499999,16,16,16,interval_covers_zero,4B,qwen3-4b-keep4-s42,natural_stop,close_bias,64
tail_tokens,2421.609375,2325.90625,-95.703125,-245.02460937499998,71.83828124999994,16,16,16,interval_covers_zero,4B,qwen3-4b-keep4-s42,natural_stop,direction_a1,64
tail_tokens,2421.609375,2085.125,-336.484375,-916.219921875,55.682812499999855,16,16,16,interval_covers_zero,4B,qwen3-4b-keep4-s42,natural_stop,random_matched,64
n_blocks_tail,37.71875,33.234375,-4.484375,-15.891796875,2.187890624999998,16,16,16,interval_covers_zero,4B,qwen3-4b-keep4-s42,natural_stop,close_bias,64
n_blocks_tail,37.71875,36.46875,-1.25,-4.00078125,1.796875,16,16,16,interval_covers_zero,4B,qwen3-4b-keep4-s42,natural_stop,direction_a1,64
n_blocks_tail,37.71875,30.828125,-6.890625,-19.4234375,1.0316406249999979,16,16,16,interval_covers_zero,4B,qwen3-4b-keep4-s42,natural_stop,random_matched,64
tail_capture,0.28125,0.375,0.09375,-0.046875,0.25,16,16,16,interval_covers_zero,4B,qwen3-4b-keep4-s42,pre_first_reuse,close_bias,64
tail_capture,0.28125,0.265625,-0.015625,-0.1875,0.140625,16,16,16,interval_covers_zero,4B,qwen3-4b-keep4-s42,pre_first_reuse,direction_a1,64
tail_capture,0.28125,0.375,0.09375,-0.03125,0.234375,16,16,16,interval_covers_zero,4B,qwen3-4b-keep4-s42,pre_first_reuse,random_matched,64
tail_orbit,0.046875,0.078125,0.03125,-0.046875,0.125,16,16,16,interval_covers_zero,4B,qwen3-4b-keep4-s42,pre_first_reuse,close_bias,64
tail_orbit,0.046875,0.015625,-0.03125,-0.09375,0.03125,16,16,16,interval_covers_zero,4B,qwen3-4b-keep4-s42,pre_first_reuse,direction_a1,64
tail_orbit,0.046875,0.046875,0.0,-0.0625,0.0625,16,16,16,interval_covers_zero,4B,qwen3-4b-keep4-s42,pre_first_reuse,random_matched,64
actual_eos,0.828125,0.8125,-0.015625,-0.109375,0.078125,16,16,16,interval_covers_zero,4B,qwen3-4b-keep4-s42,pre_first_reuse,close_bias,64
actual_eos,0.828125,0.859375,0.03125,-0.09375,0.171875,16,16,16,interval_covers_zero,4B,qwen3-4b-keep4-s42,pre_first_reuse,direction_a1,64
actual_eos,0.828125,0.8125,-0.015625,-0.140625,0.109375,16,16,16,interval_covers_zero,4B,qwen3-4b-keep4-s42,pre_first_reuse,random_matched,64
tail_hit_max,0.171875,0.1875,0.015625,-0.078125,0.109375,16,16,16,interval_covers_zero,4B,qwen3-4b-keep4-s42,pre_first_reuse,close_bias,64
tail_hit_max,0.171875,0.140625,-0.03125,-0.171875,0.09375,16,16,16,interval_covers_zero,4B,qwen3-4b-keep4-s42,pre_first_reuse,direction_a1,64
tail_hit_max,0.171875,0.1875,0.015625,-0.109375,0.140625,16,16,16,interval_covers_zero,4B,qwen3-4b-keep4-s42,pre_first_reuse,random_matched,64
json_complete,0.828125,0.8125,-0.015625,-0.109375,0.078125,16,16,16,interval_covers_zero,4B,qwen3-4b-keep4-s42,pre_first_reuse,close_bias,64
json_complete,0.828125,0.859375,0.03125,-0.09375,0.171875,16,16,16,interval_covers_zero,4B,qwen3-4b-keep4-s42,pre_first_reuse,direction_a1,64
json_complete,0.828125,0.8125,-0.015625,-0.140625,0.109375,16,16,16,interval_covers_zero,4B,qwen3-4b-keep4-s42,pre_first_reuse,random_matched,64
new_gold_triples,0.90625,0.765625,-0.140625,-0.359375,0.078125,16,16,16,interval_covers_zero,4B,qwen3-4b-keep4-s42,pre_first_reuse,close_bias,64
new_gold_triples,0.90625,1.296875,0.390625,-0.0625,0.890625,16,16,16,interval_covers_zero,4B,qwen3-4b-keep4-s42,pre_first_reuse,direction_a1,64
new_gold_triples,0.90625,0.671875,-0.234375,-0.59375,0.125,16,16,16,interval_covers_zero,4B,qwen3-4b-keep4-s42,pre_first_reuse,random_matched,64
new_gold_pairs,3.171875,2.59375,-0.578125,-1.46875,0.1875,16,16,16,interval_covers_zero,4B,qwen3-4b-keep4-s42,pre_first_reuse,close_bias,64
new_gold_pairs,3.171875,3.859375,0.6875,-0.46875,1.984375,16,16,16,interval_covers_zero,4B,qwen3-4b-keep4-s42,pre_first_reuse,direction_a1,64
new_gold_pairs,3.171875,2.984375,-0.1875,-1.21875,0.7191406249999979,16,16,16,interval_covers_zero,4B,qwen3-4b-keep4-s42,pre_first_reuse,random_matched,64
remaining_gold_pair_recall,0.1059275005547106,0.09078098883513128,-0.015146511719579328,-0.04004697455319933,0.006649450985475224,16,16,16,interval_covers_zero,4B,qwen3-4b-keep4-s42,pre_first_reuse,close_bias,64
remaining_gold_pair_recall,0.1059275005547106,0.1422683720255693,0.036340871470858696,-8.414244653665036e-06,0.07847268036363467,16,16,16,interval_covers_zero,4B,qwen3-4b-keep4-s42,pre_first_reuse,direction_a1,64
remaining_gold_pair_recall,0.1059275005547106,0.10826058187544355,0.002333081320732941,-0.027026200406417962,0.03218854225958148,16,16,16,interval_covers_zero,4B,qwen3-4b-keep4-s42,pre_first_reuse,random_matched,64
tail_tokens,7233.28125,7516.859375,283.578125,-1744.5484375,2187.2460937499995,16,16,16,interval_covers_zero,4B,qwen3-4b-keep4-s42,pre_first_reuse,close_bias,64
tail_tokens,7233.28125,6303.453125,-929.828125,-4156.908203125,2038.4371093749946,16,16,16,interval_covers_zero,4B,qwen3-4b-keep4-s42,pre_first_reuse,direction_a1,64
tail_tokens,7233.28125,7995.828125,762.546875,-2162.675,3805.7324218749995,16,16,16,interval_covers_zero,4B,qwen3-4b-keep4-s42,pre_first_reuse,random_matched,64
n_blocks_tail,132.640625,138.140625,5.5,-32.844140625,43.86210937499999,16,16,16,interval_covers_zero,4B,qwen3-4b-keep4-s42,pre_first_reuse,close_bias,64
n_blocks_tail,132.640625,110.765625,-21.875,-83.015625,32.828515624999994,16,16,16,interval_covers_zero,4B,qwen3-4b-keep4-s42,pre_first_reuse,direction_a1,64
n_blocks_tail,132.640625,142.515625,9.875,-45.35625,66.891015625,16,16,16,interval_covers_zero,4B,qwen3-4b-keep4-s42,pre_first_reuse,random_matched,64
tail_capture,0.0703125,0.078125,0.0078125,-0.037318097014925375,0.05645161290322581,59,64,64,interval_covers_zero,4B,qwen3-4b-obr-p15-s42,all,close_bias,256
tail_capture,0.0703125,0.08203125,0.01171875,-0.02459016393442623,0.04924242424242424,59,64,64,interval_covers_zero,4B,qwen3-4b-obr-p15-s42,all,direction_a1,256
tail_capture,0.0703125,0.05859375,-0.01171875,-0.04365079365079365,0.01953125,59,64,64,interval_covers_zero,4B,qwen3-4b-obr-p15-s42,all,random_matched,256
tail_orbit,0.00390625,0.0078125,0.00390625,0.0,0.011904761904761904,59,64,64,interval_covers_zero,4B,qwen3-4b-obr-p15-s42,all,close_bias,256
tail_orbit,0.00390625,0.0078125,0.00390625,-0.008064516129032258,0.01639344262295082,59,64,64,interval_covers_zero,4B,qwen3-4b-obr-p15-s42,all,direction_a1,256
tail_orbit,0.00390625,0.00390625,0.0,-0.011538461538461539,0.01171875,59,64,64,interval_covers_zero,4B,qwen3-4b-obr-p15-s42,all,random_matched,256
actual_eos,0.98828125,0.98046875,-0.0078125,-0.023809523809523836,0.007695312500000065,59,64,64,interval_covers_zero,4B,qwen3-4b-obr-p15-s42,all,close_bias,256
actual_eos,0.98828125,0.9921875,0.00390625,-0.012096774193548376,0.02016955314648328,59,64,64,interval_covers_zero,4B,qwen3-4b-obr-p15-s42,all,direction_a1,256
actual_eos,0.98828125,0.98046875,-0.0078125,-0.02942273924495172,0.01171875,59,64,64,interval_covers_zero,4B,qwen3-4b-obr-p15-s42,all,random_matched,256
tail_hit_max,0.01171875,0.01953125,0.0078125,-0.0076953125,0.023809523809523808,59,64,64,interval_covers_zero,4B,qwen3-4b-obr-p15-s42,all,close_bias,256
tail_hit_max,0.01171875,0.0078125,-0.00390625,-0.020169553146483343,0.012096774193548387,59,64,64,interval_covers_zero,4B,qwen3-4b-obr-p15-s42,all,direction_a1,256
tail_hit_max,0.01171875,0.01953125,0.0078125,-0.01171875,0.029422739244951656,59,64,64,interval_covers_zero,4B,qwen3-4b-obr-p15-s42,all,random_matched,256
json_complete,0.98828125,0.98046875,-0.0078125,-0.023809523809523836,0.007695312500000065,59,64,64,interval_covers_zero,4B,qwen3-4b-obr-p15-s42,all,close_bias,256
json_complete,0.98828125,0.9921875,0.00390625,-0.012096774193548376,0.02016955314648328,59,64,64,interval_covers_zero,4B,qwen3-4b-obr-p15-s42,all,direction_a1,256
json_complete,0.98828125,0.9765625,-0.01171875,-0.0346153846153846,0.008530569007263594,59,64,64,interval_covers_zero,4B,qwen3-4b-obr-p15-s42,all,random_matched,256
new_gold_triples,1.19140625,0.95703125,-0.234375,-0.44674730853927086,-0.019818722943723107,59,64,64,m1_lower,4B,qwen3-4b-obr-p15-s42,all,close_bias,256
new_gold_triples,1.19140625,1.08984375,-0.1015625,-0.3269886363636363,0.14117223502304144,59,64,64,interval_covers_zero,4B,qwen3-4b-obr-p15-s42,all,direction_a1,256
new_gold_triples,1.19140625,1.03125,-0.16015625,-0.3485043449197862,0.02425158846529802,59,64,64,interval_covers_zero,4B,qwen3-4b-obr-p15-s42,all,random_matched,256
new_gold_pairs,4.62890625,4.08984375,-0.5390625,-0.9643390191897652,-0.11507936507936467,59,64,64,m1_lower,4B,qwen3-4b-obr-p15-s42,all,close_bias,256
new_gold_pairs,4.62890625,4.23828125,-0.390625,-0.8843283582089554,0.07786885245901588,59,64,64,interval_covers_zero,4B,qwen3-4b-obr-p15-s42,all,direction_a1,256
new_gold_pairs,4.62890625,4.42578125,-0.203125,-0.6208333333333336,0.23046875,59,64,64,interval_covers_zero,4B,qwen3-4b-obr-p15-s42,all,random_matched,256
remaining_gold_pair_recall,0.1336622062668011,0.12142988260644363,-0.012232323660357453,-0.025458957255071107,0.0016778325705579928,59,64,64,interval_covers_zero,4B,qwen3-4b-obr-p15-s42,all,close_bias,256
remaining_gold_pair_recall,0.1336622062668011,0.12297380191155025,-0.010688404355250841,-0.023526817782991864,0.002471508345822262,59,64,64,interval_covers_zero,4B,qwen3-4b-obr-p15-s42,all,direction_a1,256
remaining_gold_pair_recall,0.1336622062668011,0.12747172862854575,-0.006190477638255337,-0.01589866875618139,0.002988700759501477,59,64,64,interval_covers_zero,4B,qwen3-4b-obr-p15-s42,all,random_matched,256
tail_tokens,2257.671875,2218.8671875,-38.8046875,-462.47880712365617,421.74201472355765,59,64,64,interval_covers_zero,4B,qwen3-4b-obr-p15-s42,all,close_bias,256
tail_tokens,2257.671875,2173.890625,-83.78125,-614.4641958041957,447.5537109375,59,64,64,interval_covers_zero,4B,qwen3-4b-obr-p15-s42,all,direction_a1,256
tail_tokens,2257.671875,2334.78125,77.109375,-410.68607142857155,606.8306359970675,59,64,64,interval_covers_zero,4B,qwen3-4b-obr-p15-s42,all,random_matched,256
n_blocks_tail,38.70703125,38.62890625,-0.078125,-6.962109374999998,7.631715006305166,59,64,64,interval_covers_zero,4B,qwen3-4b-obr-p15-s42,all,close_bias,256
n_blocks_tail,38.70703125,38.1796875,-0.52734375,-9.67301587301587,8.958350409836061,59,64,64,interval_covers_zero,4B,qwen3-4b-obr-p15-s42,all,direction_a1,256
n_blocks_tail,38.70703125,41.80078125,3.09375,-5.635397362794013,13.519362173507457,59,64,64,interval_covers_zero,4B,qwen3-4b-obr-p15-s42,all,random_matched,256
tail_capture,0.078125,0.1328125,0.0546875,-0.0234375,0.140625,32,32,32,interval_covers_zero,4B,qwen3-4b-obr-p15-s42,early_remaining,close_bias,128
tail_capture,0.078125,0.09375,0.015625,-0.03125,0.0625,32,32,32,interval_covers_zero,4B,qwen3-4b-obr-p15-s42,early_remaining,direction_a1,128
tail_capture,0.078125,0.0859375,0.0078125,-0.0390625,0.0625,32,32,32,interval_covers_zero,4B,qwen3-4b-obr-p15-s42,early_remaining,random_matched,128
tail_orbit,0.0078125,0.015625,0.0078125,0.0,0.0234375,32,32,32,interval_covers_zero,4B,qwen3-4b-obr-p15-s42,early_remaining,close_bias,128
tail_orbit,0.0078125,0.0078125,0.0,-0.0234375,0.0234375,32,32,32,interval_covers_zero,4B,qwen3-4b-obr-p15-s42,early_remaining,direction_a1,128
tail_orbit,0.0078125,0.0,-0.0078125,-0.0234375,0.0,32,32,32,interval_covers_zero,4B,qwen3-4b-obr-p15-s42,early_remaining,random_matched,128
actual_eos,0.984375,0.9609375,-0.0234375,-0.0546875,0.0,32,32,32,interval_covers_zero,4B,qwen3-4b-obr-p15-s42,early_remaining,close_bias,128
actual_eos,0.984375,0.9921875,0.0078125,-0.015625,0.03125,32,32,32,interval_covers_zero,4B,qwen3-4b-obr-p15-s42,early_remaining,direction_a1,128
actual_eos,0.984375,0.96875,-0.015625,-0.0546875,0.015625,32,32,32,interval_covers_zero,4B,qwen3-4b-obr-p15-s42,early_remaining,random_matched,128
tail_hit_max,0.015625,0.0390625,0.0234375,0.0,0.0546875,32,32,32,interval_covers_zero,4B,qwen3-4b-obr-p15-s42,early_remaining,close_bias,128
tail_hit_max,0.015625,0.0078125,-0.0078125,-0.03125,0.015625,32,32,32,interval_covers_zero,4B,qwen3-4b-obr-p15-s42,early_remaining,direction_a1,128
tail_hit_max,0.015625,0.03125,0.015625,-0.015625,0.0546875,32,32,32,interval_covers_zero,4B,qwen3-4b-obr-p15-s42,early_remaining,random_matched,128
json_complete,0.984375,0.9609375,-0.0234375,-0.0546875,0.0,32,32,32,interval_covers_zero,4B,qwen3-4b-obr-p15-s42,early_remaining,close_bias,128
json_complete,0.984375,0.9921875,0.0078125,-0.015625,0.03125,32,32,32,interval_covers_zero,4B,qwen3-4b-obr-p15-s42,early_remaining,direction_a1,128
json_complete,0.984375,0.9609375,-0.0234375,-0.0703125,0.015625,32,32,32,interval_covers_zero,4B,qwen3-4b-obr-p15-s42,early_remaining,random_matched,128
new_gold_triples,1.9765625,1.6796875,-0.296875,-0.6486328125,0.078125,32,32,32,interval_covers_zero,4B,qwen3-4b-obr-p15-s42,early_remaining,close_bias,128
new_gold_triples,1.9765625,1.96875,-0.0078125,-0.4296875,0.421875,32,32,32,interval_covers_zero,4B,qwen3-4b-obr-p15-s42,early_remaining,direction_a1,128
new_gold_triples,1.9765625,1.78125,-0.1953125,-0.5705078125,0.171875,32,32,32,interval_covers_zero,4B,qwen3-4b-obr-p15-s42,early_remaining,random_matched,128
new_gold_pairs,8.046875,7.0859375,-0.9609375,-1.7736328125,-0.15625,32,32,32,m1_lower,4B,qwen3-4b-obr-p15-s42,early_remaining,close_bias,128
new_gold_pairs,8.046875,7.4609375,-0.5859375,-1.4453125,0.265625,32,32,32,interval_covers_zero,4B,qwen3-4b-obr-p15-s42,early_remaining,direction_a1,128
new_gold_pairs,8.046875,7.609375,-0.4375,-1.1720703125,0.4453125,32,32,32,interval_covers_zero,4B,qwen3-4b-obr-p15-s42,early_remaining,random_matched,128
remaining_gold_pair_recall,0.22843364782151693,0.20078611731587492,-0.027647530505642004,-0.050847795086733406,-0.004417274428801271,32,32,32,m1_lower,4B,qwen3-4b-obr-p15-s42,early_remaining,close_bias,128
remaining_gold_pair_recall,0.22843364782151693,0.2096991682668981,-0.01873447955461882,-0.04223327154762118,0.003284906430967816,32,32,32,interval_covers_zero,4B,qwen3-4b-obr-p15-s42,early_remaining,direction_a1,128
remaining_gold_pair_recall,0.22843364782151693,0.21288637366659632,-0.015547274154920604,-0.03284328755943549,0.0033499163048116218,32,32,32,interval_covers_zero,4B,qwen3-4b-obr-p15-s42,early_remaining,random_matched,128
tail_tokens,3322.296875,3579.4921875,257.1953125,-451.5880859375,1068.1859374999995,32,32,32,interval_covers_zero,4B,qwen3-4b-obr-p15-s42,early_remaining,close_bias,128
tail_tokens,3322.296875,3288.3828125,-33.9140625,-891.158203125,805.6451171874987,32,32,32,interval_covers_zero,4B,qwen3-4b-obr-p15-s42,early_remaining,direction_a1,128
tail_tokens,3322.296875,3484.25,161.953125,-633.7380859375,1104.7828124999985,32,32,32,interval_covers_zero,4B,qwen3-4b-obr-p15-s42,early_remaining,random_matched,128
n_blocks_tail,57.515625,62.6015625,5.0859375,-6.3443359375,18.765625,32,32,32,interval_covers_zero,4B,qwen3-4b-obr-p15-s42,early_remaining,close_bias,128
n_blocks_tail,57.515625,58.3515625,0.8359375,-14.80625,16.743359374999994,32,32,32,interval_covers_zero,4B,qwen3-4b-obr-p15-s42,early_remaining,direction_a1,128
n_blocks_tail,57.515625,62.2734375,4.7578125,-9.6484375,23.992968749999996,32,32,32,interval_covers_zero,4B,qwen3-4b-obr-p15-s42,early_remaining,random_matched,128
tail_capture,0.03125,0.0,-0.03125,-0.078125,0.0,16,16,16,interval_covers_zero,4B,qwen3-4b-obr-p15-s42,natural_stop,close_bias,64
tail_capture,0.03125,0.015625,-0.015625,-0.0625,0.03125,16,16,16,interval_covers_zero,4B,qwen3-4b-obr-p15-s42,natural_stop,direction_a1,64
tail_capture,0.03125,0.015625,-0.015625,-0.0625,0.03125,16,16,16,interval_covers_zero,4B,qwen3-4b-obr-p15-s42,natural_stop,random_matched,64
tail_orbit,0.0,0.0,0.0,0.0,0.0,16,16,16,interval_covers_zero,4B,qwen3-4b-obr-p15-s42,natural_stop,close_bias,64
tail_orbit,0.0,0.0,0.0,0.0,0.0,16,16,16,interval_covers_zero,4B,qwen3-4b-obr-p15-s42,natural_stop,direction_a1,64
tail_orbit,0.0,0.0,0.0,0.0,0.0,16,16,16,interval_covers_zero,4B,qwen3-4b-obr-p15-s42,natural_stop,random_matched,64
actual_eos,1.0,1.0,0.0,0.0,0.0,16,16,16,interval_covers_zero,4B,qwen3-4b-obr-p15-s42,natural_stop,close_bias,64
actual_eos,1.0,1.0,0.0,0.0,0.0,16,16,16,interval_covers_zero,4B,qwen3-4b-obr-p15-s42,natural_stop,direction_a1,64
actual_eos,1.0,1.0,0.0,0.0,0.0,16,16,16,interval_covers_zero,4B,qwen3-4b-obr-p15-s42,natural_stop,random_matched,64
tail_hit_max,0.0,0.0,0.0,0.0,0.0,16,16,16,interval_covers_zero,4B,qwen3-4b-obr-p15-s42,natural_stop,close_bias,64
tail_hit_max,0.0,0.0,0.0,0.0,0.0,16,16,16,interval_covers_zero,4B,qwen3-4b-obr-p15-s42,natural_stop,direction_a1,64
tail_hit_max,0.0,0.0,0.0,0.0,0.0,16,16,16,interval_covers_zero,4B,qwen3-4b-obr-p15-s42,natural_stop,random_matched,64
json_complete,1.0,1.0,0.0,0.0,0.0,16,16,16,interval_covers_zero,4B,qwen3-4b-obr-p15-s42,natural_stop,close_bias,64
json_complete,1.0,1.0,0.0,0.0,0.0,16,16,16,interval_covers_zero,4B,qwen3-4b-obr-p15-s42,natural_stop,direction_a1,64
json_complete,1.0,1.0,0.0,0.0,0.0,16,16,16,interval_covers_zero,4B,qwen3-4b-obr-p15-s42,natural_stop,random_matched,64
new_gold_triples,0.0,0.0,0.0,0.0,0.0,16,16,16,interval_covers_zero,4B,qwen3-4b-obr-p15-s42,natural_stop,close_bias,64
new_gold_triples,0.0,0.0,0.0,0.0,0.0,16,16,16,interval_covers_zero,4B,qwen3-4b-obr-p15-s42,natural_stop,direction_a1,64
new_gold_triples,0.0,0.0,0.0,0.0,0.0,16,16,16,interval_covers_zero,4B,qwen3-4b-obr-p15-s42,natural_stop,random_matched,64
new_gold_pairs,0.0,0.015625,0.015625,0.0,0.046875,16,16,16,interval_covers_zero,4B,qwen3-4b-obr-p15-s42,natural_stop,close_bias,64
new_gold_pairs,0.0,0.0,0.0,0.0,0.0,16,16,16,interval_covers_zero,4B,qwen3-4b-obr-p15-s42,natural_stop,direction_a1,64
new_gold_pairs,0.0,0.0,0.0,0.0,0.0,16,16,16,interval_covers_zero,4B,qwen3-4b-obr-p15-s42,natural_stop,random_matched,64
remaining_gold_pair_recall,0.0,0.0003720238095238095,0.0003720238095238095,0.0,0.0011160714285714285,16,16,16,interval_covers_zero,4B,qwen3-4b-obr-p15-s42,natural_stop,close_bias,64
remaining_gold_pair_recall,0.0,0.0,0.0,0.0,0.0,16,16,16,interval_covers_zero,4B,qwen3-4b-obr-p15-s42,natural_stop,direction_a1,64
remaining_gold_pair_recall,0.0,0.0,0.0,0.0,0.0,16,16,16,interval_covers_zero,4B,qwen3-4b-obr-p15-s42,natural_stop,random_matched,64
tail_tokens,222.21875,65.828125,-156.390625,-298.4421875,-52.21523437500002,16,16,16,m1_lower,4B,qwen3-4b-obr-p15-s42,natural_stop,close_bias,64
tail_tokens,222.21875,184.796875,-37.421875,-123.585546875,51.297656249999996,16,16,16,interval_covers_zero,4B,qwen3-4b-obr-p15-s42,natural_stop,direction_a1,64
tail_tokens,222.21875,230.65625,8.4375,-80.708984375,125.97343749999997,16,16,16,interval_covers_zero,4B,qwen3-4b-obr-p15-s42,natural_stop,random_matched,64
n_blocks_tail,3.4375,1.078125,-2.359375,-4.266015625,-0.859375,16,16,16,m1_lower,4B,qwen3-4b-obr-p15-s42,natural_stop,close_bias,64
n_blocks_tail,3.4375,2.59375,-0.84375,-2.359375,0.640625,16,16,16,interval_covers_zero,4B,qwen3-4b-obr-p15-s42,natural_stop,direction_a1,64
n_blocks_tail,3.4375,3.8125,0.375,-1.234765625,2.609765624999998,16,16,16,interval_covers_zero,4B,qwen3-4b-obr-p15-s42,natural_stop,random_matched,64
tail_capture,0.09375,0.046875,-0.046875,-0.109375,0.015625,16,16,16,interval_covers_zero,4B,qwen3-4b-obr-p15-s42,pre_first_reuse,close_bias,64
tail_capture,0.09375,0.125,0.03125,-0.0625,0.140625,16,16,16,interval_covers_zero,4B,qwen3-4b-obr-p15-s42,pre_first_reuse,direction_a1,64
tail_capture,0.09375,0.046875,-0.046875,-0.09375,0.0,16,16,16,interval_covers_zero,4B,qwen3-4b-obr-p15-s42,pre_first_reuse,random_matched,64
tail_orbit,0.0,0.0,0.0,0.0,0.0,16,16,16,interval_covers_zero,4B,qwen3-4b-obr-p15-s42,pre_first_reuse,close_bias,64
tail_orbit,0.0,0.015625,0.015625,0.0,0.046875,16,16,16,interval_covers_zero,4B,qwen3-4b-obr-p15-s42,pre_first_reuse,direction_a1,64
tail_orbit,0.0,0.015625,0.015625,0.0,0.046875,16,16,16,interval_covers_zero,4B,qwen3-4b-obr-p15-s42,pre_first_reuse,random_matched,64
actual_eos,0.984375,1.0,0.015625,0.0,0.046875,16,16,16,interval_covers_zero,4B,qwen3-4b-obr-p15-s42,pre_first_reuse,close_bias,64
actual_eos,0.984375,0.984375,0.0,-0.046875,0.046875,16,16,16,interval_covers_zero,4B,qwen3-4b-obr-p15-s42,pre_first_reuse,direction_a1,64
actual_eos,0.984375,0.984375,0.0,-0.046875,0.046875,16,16,16,interval_covers_zero,4B,qwen3-4b-obr-p15-s42,pre_first_reuse,random_matched,64
tail_hit_max,0.015625,0.0,-0.015625,-0.046875,0.0,16,16,16,interval_covers_zero,4B,qwen3-4b-obr-p15-s42,pre_first_reuse,close_bias,64
tail_hit_max,0.015625,0.015625,0.0,-0.046875,0.046875,16,16,16,interval_covers_zero,4B,qwen3-4b-obr-p15-s42,pre_first_reuse,direction_a1,64
tail_hit_max,0.015625,0.015625,0.0,-0.046875,0.046875,16,16,16,interval_covers_zero,4B,qwen3-4b-obr-p15-s42,pre_first_reuse,random_matched,64
json_complete,0.984375,1.0,0.015625,0.0,0.046875,16,16,16,interval_covers_zero,4B,qwen3-4b-obr-p15-s42,pre_first_reuse,close_bias,64
json_complete,0.984375,0.984375,0.0,-0.046875,0.046875,16,16,16,interval_covers_zero,4B,qwen3-4b-obr-p15-s42,pre_first_reuse,direction_a1,64
json_complete,0.984375,0.984375,0.0,-0.046875,0.046875,16,16,16,interval_covers_zero,4B,qwen3-4b-obr-p15-s42,pre_first_reuse,random_matched,64
new_gold_triples,0.8125,0.46875,-0.34375,-0.703125,-0.046875,16,16,16,m1_lower,4B,qwen3-4b-obr-p15-s42,pre_first_reuse,close_bias,64
new_gold_triples,0.8125,0.421875,-0.390625,-0.65625,-0.15625,16,16,16,m1_lower,4B,qwen3-4b-obr-p15-s42,pre_first_reuse,direction_a1,64
new_gold_triples,0.8125,0.5625,-0.25,-0.515625,-0.046875,16,16,16,m1_lower,4B,qwen3-4b-obr-p15-s42,pre_first_reuse,random_matched,64
new_gold_pairs,2.421875,2.171875,-0.25,-0.796875,0.296875,16,16,16,interval_covers_zero,4B,qwen3-4b-obr-p15-s42,pre_first_reuse,close_bias,64
new_gold_pairs,2.421875,2.03125,-0.390625,-1.125390625,0.21875,16,16,16,interval_covers_zero,4B,qwen3-4b-obr-p15-s42,pre_first_reuse,direction_a1,64
new_gold_pairs,2.421875,2.484375,0.0625,-0.28125,0.37539062499999787,16,16,16,interval_covers_zero,4B,qwen3-4b-obr-p15-s42,pre_first_reuse,random_matched,64
remaining_gold_pair_recall,0.07778152942417038,0.08377527198450088,0.005993742560330501,-0.016834056971774987,0.0337750015599307,16,16,16,interval_covers_zero,4B,qwen3-4b-obr-p15-s42,pre_first_reuse,close_bias,64
remaining_gold_pair_recall,0.07778152942417038,0.07249687111240478,-0.005284658311765597,-0.0262671064312484,0.016973400243419756,16,16,16,interval_covers_zero,4B,qwen3-4b-obr-p15-s42,pre_first_reuse,direction_a1,64
remaining_gold_pair_recall,0.07778152942417038,0.08411416718099031,0.006332637756819928,-0.00154258068641724,0.015374896626187719,16,16,16,interval_covers_zero,4B,qwen3-4b-obr-p15-s42,pre_first_reuse,random_matched,64
tail_tokens,2163.875,1650.65625,-513.21875,-1389.126953125,157.54492187499957,16,16,16,interval_covers_zero,4B,qwen3-4b-obr-p15-s42,pre_first_reuse,close_bias,64
tail_tokens,2163.875,1934.0,-229.875,-1279.1375,941.7058593749999,16,16,16,interval_covers_zero,4B,qwen3-4b-obr-p15-s42,pre_first_reuse,direction_a1,64
tail_tokens,2163.875,2139.96875,-23.90625,-1132.03515625,1110.5191406249999,16,16,16,interval_covers_zero,4B,qwen3-4b-obr-p15-s42,pre_first_reuse,random_matched,64
n_blocks_tail,36.359375,28.234375,-8.125,-21.985546875,2.890625,16,16,16,interval_covers_zero,4B,qwen3-4b-obr-p15-s42,pre_first_reuse,close_bias,64
n_blocks_tail,36.359375,33.421875,-2.9375,-18.9078125,15.781640624999998,16,16,16,interval_covers_zero,4B,qwen3-4b-obr-p15-s42,pre_first_reuse,direction_a1,64
n_blocks_tail,36.359375,38.84375,2.484375,-15.86015625,24.564843749999987,16,16,16,interval_covers_zero,4B,qwen3-4b-obr-p15-s42,pre_first_reuse,random_matched,64
