metric,m0,m1,diff,ci_low,ci_high,n_prompts,n_m0,n_m1,direction,scale,model_tag,condition,comparison
next_event_close_rate,0.27017716535433073,0.12992125984251968,-0.14025590551181105,-0.1732338781053531,-0.1087755064591897,118,127,127,m1_lower,4B,qwen3-4b-cleanv2-s42,close_bias,vs_baseline
next_event_close_rate,0.27017716535433073,0.17224409448818898,-0.09793307086614175,-0.125,-0.07239450049212598,118,127,127,m1_lower,4B,qwen3-4b-cleanv2-s42,direction_a0.5,vs_baseline
next_event_close_rate,0.27017716535433073,0.11515748031496063,-0.15501968503937008,-0.1919039427779103,-0.1196510535058578,118,127,127,m1_lower,4B,qwen3-4b-cleanv2-s42,direction_a1,vs_baseline
next_event_close_rate,0.27017716535433073,0.018700787401574805,-0.2514763779527559,-0.30437155782848146,-0.19886251789549034,118,127,127,m1_lower,4B,qwen3-4b-cleanv2-s42,direction_a2,vs_baseline
next_event_close_rate,0.27017716535433073,0.27411417322834647,0.003937007874015741,-0.014616935483870943,0.02100384615384615,118,127,127,interval_covers_zero,4B,qwen3-4b-cleanv2-s42,random0_a1,vs_baseline
next_event_close_rate,0.27017716535433073,0.24311023622047245,-0.027066929133858275,-0.04750590551181104,-0.007156488549618312,118,127,127,m1_lower,4B,qwen3-4b-cleanv2-s42,random1_a1,vs_baseline
next_event_close_rate,0.27017716535433073,0.3006889763779528,0.03051181102362205,0.009256143162393149,0.051050659608627195,118,127,127,m1_higher,4B,qwen3-4b-cleanv2-s42,random2_a1,vs_baseline
next_event_close_rate,0.27017716535433073,0.27411417322834647,0.003937007874015741,-0.014385874542124547,0.021853353658536565,118,127,127,interval_covers_zero,4B,qwen3-4b-cleanv2-s42,random3_a1,vs_baseline
next_event_close_rate,0.27017716535433073,0.26968503937007876,-0.0004921259842519676,-0.021154035433070848,0.019468032786885223,118,127,127,interval_covers_zero,4B,qwen3-4b-cleanv2-s42,random4_a1,vs_baseline
next_event_close_rate,0.27017716535433073,0.2706692913385827,0.0004921259842519676,-0.020023075226814516,0.02132966753774684,118,127,127,interval_covers_zero,4B,qwen3-4b-cleanv2-s42,random5_a1,vs_baseline
next_event_close_rate,0.27017716535433073,0.2952755905511811,0.02509842519685035,0.006658482440357218,0.04457537375415284,118,127,127,m1_higher,4B,qwen3-4b-cleanv2-s42,random6_a1,vs_baseline
next_event_close_rate,0.27017716535433073,0.24163385826771652,-0.028543307086614206,-0.04942063953488372,-0.007748979229540212,118,127,127,m1_lower,4B,qwen3-4b-cleanv2-s42,random7_a1,vs_baseline
next_event_close_rate,0.27116141732283466,0.11515748031496063,-0.15600393700787402,-0.1896853837810579,-0.12241632675272561,118,127,127,m1_lower,4B,qwen3-4b-cleanv2-s42,direction_a1,vs_random_mean
margin_first_policy,-3.877952755905513,-4.877952755905513,-1.0,-1.0000000000000009,-0.9999999999999987,118,127,127,m1_lower,4B,qwen3-4b-cleanv2-s42,close_bias,vs_baseline
margin_first_policy,-3.877952755905513,-4.949381327334084,-1.0714285714285712,-1.1573362879313631,-0.9877930995232741,118,127,127,m1_lower,4B,qwen3-4b-cleanv2-s42,direction_a0.5,vs_baseline
margin_first_policy,-3.877952755905513,-6.015185601799775,-2.137232845894262,-2.281749818247911,-1.9958791208791222,118,127,127,m1_lower,4B,qwen3-4b-cleanv2-s42,direction_a1,vs_baseline
margin_first_policy,-3.877952755905513,-8.151012373453318,-4.273059617547805,-4.472413961038962,-4.0740096388725275,118,127,127,m1_lower,4B,qwen3-4b-cleanv2-s42,direction_a2,vs_baseline
margin_first_policy,-3.877952755905513,-3.8512373453318336,0.02671541057367932,-0.0014518002322883139,0.05453057392619704,118,127,127,interval_covers_zero,4B,qwen3-4b-cleanv2-s42,random0_a1,vs_baseline
margin_first_policy,-3.877952755905513,-3.9763779527559064,-0.09842519685039353,-0.12416294642857117,-0.07336201731931745,118,127,127,m1_lower,4B,qwen3-4b-cleanv2-s42,random1_a1,vs_baseline
margin_first_policy,-3.877952755905513,-3.695163104611924,0.18278965129358893,0.1587261904761908,0.2069177102659237,118,127,127,m1_higher,4B,qwen3-4b-cleanv2-s42,random2_a1,vs_baseline
margin_first_policy,-3.877952755905513,-3.824521934758155,0.053430821147357754,0.02790178571428602,0.07904394405832012,118,127,127,m1_higher,4B,qwen3-4b-cleanv2-s42,random3_a1,vs_baseline
margin_first_policy,-3.877952755905513,-4.024184476940383,-0.14623172103487025,-0.18565759637188162,-0.10800607517950793,118,127,127,m1_lower,4B,qwen3-4b-cleanv2-s42,random4_a1,vs_baseline
margin_first_policy,-3.877952755905513,-3.821709786276715,0.05624296962879782,0.023532668881506957,0.09139482564679381,118,127,127,m1_higher,4B,qwen3-4b-cleanv2-s42,random5_a1,vs_baseline
margin_first_policy,-3.877952755905513,-3.572834645669292,0.3051181102362208,0.2714866434378638,0.3384882729211089,118,127,127,m1_higher,4B,qwen3-4b-cleanv2-s42,random6_a1,vs_baseline
margin_first_policy,-3.877952755905513,-4.07339707536558,-0.19544431946006746,-0.2218191964285712,-0.17006632653061313,118,127,127,m1_lower,4B,qwen3-4b-cleanv2-s42,random7_a1,vs_baseline
margin_first_policy,-3.8549282902137234,-6.015185601799775,-2.1602573115860517,-2.3093982582472488,-2.0152789168750687,118,127,127,m1_lower,4B,qwen3-4b-cleanv2-s42,direction_a1,vs_random_mean
close_sampler_prob,0.27220416992821317,0.139379555508341,-0.13282461441987217,-0.15727920733928655,-0.10821153771857198,118,127,127,m1_lower,4B,qwen3-4b-cleanv2-s42,close_bias,vs_baseline
close_sampler_prob,0.27220416992821317,0.17435321619455627,-0.0978509537336569,-0.11779833805652493,-0.07804589622372057,118,127,127,m1_lower,4B,qwen3-4b-cleanv2-s42,direction_a0.5,vs_baseline
close_sampler_prob,0.27220416992821317,0.10796065767582434,-0.1642435122523888,-0.19673326157635332,-0.13179944973858532,118,127,127,m1_lower,4B,qwen3-4b-cleanv2-s42,direction_a1,vs_baseline
close_sampler_prob,0.27220416992821317,0.019776224768676857,-0.2524279451595363,-0.30321541980229383,-0.19971151862557204,118,127,127,m1_lower,4B,qwen3-4b-cleanv2-s42,direction_a2,vs_baseline
close_sampler_prob,0.27220416992821317,0.27537202079161616,0.003167850863402988,-0.00041334434574397393,0.008033044232181569,118,127,127,interval_covers_zero,4B,qwen3-4b-cleanv2-s42,random0_a1,vs_baseline
close_sampler_prob,0.27220416992821317,0.25563218259426906,-0.016571987333944105,-0.02413016405828017,-0.010427715532559544,118,127,127,m1_lower,4B,qwen3-4b-cleanv2-s42,random1_a1,vs_baseline
close_sampler_prob,0.27220416992821317,0.3012850482937984,0.029080878365585205,0.021284353828629733,0.038093604872038334,118,127,127,m1_higher,4B,qwen3-4b-cleanv2-s42,random2_a1,vs_baseline
close_sampler_prob,0.27220416992821317,0.27801290723696226,0.00580873730874909,0.0016320042603415706,0.010799478271287388,118,127,127,m1_higher,4B,qwen3-4b-cleanv2-s42,random3_a1,vs_baseline
close_sampler_prob,0.27220416992821317,0.27210168366528975,-0.000102486262923418,-0.006503672626830548,0.006674059431323726,118,127,127,interval_covers_zero,4B,qwen3-4b-cleanv2-s42,random4_a1,vs_baseline
close_sampler_prob,0.27220416992821317,0.2675225468278737,-0.004681623100339483,-0.010795525535290616,0.00044706664931906556,118,127,127,interval_covers_zero,4B,qwen3-4b-cleanv2-s42,random5_a1,vs_baseline
close_sampler_prob,0.27220416992821317,0.30286943968301305,0.030665269754799884,0.02216806878578067,0.039317640130508785,118,127,127,m1_higher,4B,qwen3-4b-cleanv2-s42,random6_a1,vs_baseline
close_sampler_prob,0.27220416992821317,0.24642449396837315,-0.025779675959840015,-0.035357264813127266,-0.017501269084048778,118,127,127,m1_lower,4B,qwen3-4b-cleanv2-s42,random7_a1,vs_baseline
close_sampler_prob,0.27490254038264944,0.10796065767582434,-0.16694188270682508,-0.19964616527739096,-0.13418238638568802,118,127,127,m1_lower,4B,qwen3-4b-cleanv2-s42,direction_a1,vs_random_mean
eos_without_close_rate,0.0,0.0,0.0,0.0,0.0,118,127,127,interval_covers_zero,4B,qwen3-4b-cleanv2-s42,close_bias,vs_baseline
eos_without_close_rate,0.0,0.0,0.0,0.0,0.0,118,127,127,interval_covers_zero,4B,qwen3-4b-cleanv2-s42,direction_a0.5,vs_baseline
eos_without_close_rate,0.0,0.0,0.0,0.0,0.0,118,127,127,interval_covers_zero,4B,qwen3-4b-cleanv2-s42,direction_a1,vs_baseline
eos_without_close_rate,0.0,0.0,0.0,0.0,0.0,118,127,127,interval_covers_zero,4B,qwen3-4b-cleanv2-s42,direction_a2,vs_baseline
eos_without_close_rate,0.0,0.0,0.0,0.0,0.0,118,127,127,interval_covers_zero,4B,qwen3-4b-cleanv2-s42,random0_a1,vs_baseline
eos_without_close_rate,0.0,0.0,0.0,0.0,0.0,118,127,127,interval_covers_zero,4B,qwen3-4b-cleanv2-s42,random1_a1,vs_baseline
eos_without_close_rate,0.0,0.0,0.0,0.0,0.0,118,127,127,interval_covers_zero,4B,qwen3-4b-cleanv2-s42,random2_a1,vs_baseline
eos_without_close_rate,0.0,0.0,0.0,0.0,0.0,118,127,127,interval_covers_zero,4B,qwen3-4b-cleanv2-s42,random3_a1,vs_baseline
eos_without_close_rate,0.0,0.0,0.0,0.0,0.0,118,127,127,interval_covers_zero,4B,qwen3-4b-cleanv2-s42,random4_a1,vs_baseline
eos_without_close_rate,0.0,0.0,0.0,0.0,0.0,118,127,127,interval_covers_zero,4B,qwen3-4b-cleanv2-s42,random5_a1,vs_baseline
eos_without_close_rate,0.0,0.0,0.0,0.0,0.0,118,127,127,interval_covers_zero,4B,qwen3-4b-cleanv2-s42,random6_a1,vs_baseline
eos_without_close_rate,0.0,0.0,0.0,0.0,0.0,118,127,127,interval_covers_zero,4B,qwen3-4b-cleanv2-s42,random7_a1,vs_baseline
eos_without_close_rate,0.0,0.0,0.0,0.0,0.0,118,127,127,interval_covers_zero,4B,qwen3-4b-cleanv2-s42,direction_a1,vs_random_mean
unresolved_rate,0.0,0.0,0.0,0.0,0.0,118,127,127,interval_covers_zero,4B,qwen3-4b-cleanv2-s42,close_bias,vs_baseline
unresolved_rate,0.0,0.0,0.0,0.0,0.0,118,127,127,interval_covers_zero,4B,qwen3-4b-cleanv2-s42,direction_a0.5,vs_baseline
unresolved_rate,0.0,0.0,0.0,0.0,0.0,118,127,127,interval_covers_zero,4B,qwen3-4b-cleanv2-s42,direction_a1,vs_baseline
unresolved_rate,0.0,0.0,0.0,0.0,0.0,118,127,127,interval_covers_zero,4B,qwen3-4b-cleanv2-s42,direction_a2,vs_baseline
unresolved_rate,0.0,0.0,0.0,0.0,0.0,118,127,127,interval_covers_zero,4B,qwen3-4b-cleanv2-s42,random0_a1,vs_baseline
unresolved_rate,0.0,0.0,0.0,0.0,0.0,118,127,127,interval_covers_zero,4B,qwen3-4b-cleanv2-s42,random1_a1,vs_baseline
unresolved_rate,0.0,0.0,0.0,0.0,0.0,118,127,127,interval_covers_zero,4B,qwen3-4b-cleanv2-s42,random2_a1,vs_baseline
unresolved_rate,0.0,0.0,0.0,0.0,0.0,118,127,127,interval_covers_zero,4B,qwen3-4b-cleanv2-s42,random3_a1,vs_baseline
unresolved_rate,0.0,0.0,0.0,0.0,0.0,118,127,127,interval_covers_zero,4B,qwen3-4b-cleanv2-s42,random4_a1,vs_baseline
unresolved_rate,0.0,0.0,0.0,0.0,0.0,118,127,127,interval_covers_zero,4B,qwen3-4b-cleanv2-s42,random5_a1,vs_baseline
unresolved_rate,0.0,0.0,0.0,0.0,0.0,118,127,127,interval_covers_zero,4B,qwen3-4b-cleanv2-s42,random6_a1,vs_baseline
unresolved_rate,0.0,0.0,0.0,0.0,0.0,118,127,127,interval_covers_zero,4B,qwen3-4b-cleanv2-s42,random7_a1,vs_baseline
unresolved_rate,0.0,0.0,0.0,0.0,0.0,118,127,127,interval_covers_zero,4B,qwen3-4b-cleanv2-s42,direction_a1,vs_random_mean
next_event_close_rate,0.11122047244094488,0.1062992125984252,-0.004921259842519676,-0.0183546165559247,0.008640279353374915,118,127,127,interval_covers_zero,4B,qwen3-4b-keep4-s42,close_bias,vs_baseline
next_event_close_rate,0.11122047244094488,0.15501968503937008,0.0437992125984252,0.0256782945736434,0.06400030241935484,118,127,127,m1_higher,4B,qwen3-4b-keep4-s42,direction_a0.5,vs_baseline
next_event_close_rate,0.11122047244094488,0.22293307086614172,0.11171259842519685,0.08149251968503937,0.14534550211213512,118,127,127,m1_higher,4B,qwen3-4b-keep4-s42,direction_a1,vs_baseline
next_event_close_rate,0.11122047244094488,0.36072834645669294,0.24950787401574806,0.20286631053685394,0.29651470259391766,118,127,127,m1_higher,4B,qwen3-4b-keep4-s42,direction_a2,vs_baseline
next_event_close_rate,0.11122047244094488,0.11171259842519685,0.0004921259842519676,-0.017227826990376213,0.018353174603174593,118,127,127,interval_covers_zero,4B,qwen3-4b-keep4-s42,random0_a1,vs_baseline
next_event_close_rate,0.11122047244094488,0.11171259842519685,0.0004921259842519676,-0.017225709781704113,0.018500000000000003,118,127,127,interval_covers_zero,4B,qwen3-4b-keep4-s42,random1_a1,vs_baseline
next_event_close_rate,0.11122047244094488,0.09350393700787402,-0.017716535433070862,-0.03440046465848745,0.0,118,127,127,interval_covers_zero,4B,qwen3-4b-keep4-s42,random2_a1,vs_baseline
next_event_close_rate,0.11122047244094488,0.09891732283464567,-0.012303149606299205,-0.027947154471544708,0.0029545418465836784,118,127,127,interval_covers_zero,4B,qwen3-4b-keep4-s42,random3_a1,vs_baseline
next_event_close_rate,0.11122047244094488,0.11023622047244094,-0.0009842519685039353,-0.01800521653543306,0.01624015748031496,118,127,127,interval_covers_zero,4B,qwen3-4b-keep4-s42,random4_a1,vs_baseline
next_event_close_rate,0.11122047244094488,0.11072834645669291,-0.0004921259842519676,-0.016369047619047616,0.015755057104142448,118,127,127,interval_covers_zero,4B,qwen3-4b-keep4-s42,random5_a1,vs_baseline
next_event_close_rate,0.11122047244094488,0.10137795275590551,-0.009842519685039366,-0.025499999999999995,0.007233725303460735,118,127,127,interval_covers_zero,4B,qwen3-4b-keep4-s42,random6_a1,vs_baseline
next_event_close_rate,0.11122047244094488,0.12303149606299213,0.011811023622047251,-0.005910313040138265,0.03248031496062992,118,127,127,interval_covers_zero,4B,qwen3-4b-keep4-s42,random7_a1,vs_baseline
next_event_close_rate,0.10765255905511811,0.22293307086614172,0.11528051181102361,0.08661728896103894,0.14500245715725804,118,127,127,m1_higher,4B,qwen3-4b-keep4-s42,direction_a1,vs_random_mean
margin_first_policy,-5.932227221597299,-5.932227221597299,0.0,0.0,0.0,118,127,127,interval_covers_zero,4B,qwen3-4b-keep4-s42,close_bias,vs_baseline
margin_first_policy,-5.932227221597299,-4.821428571428571,1.1107986501687277,1.0397401043422891,1.1835548172757466,118,127,127,m1_higher,4B,qwen3-4b-keep4-s42,direction_a0.5,vs_baseline
margin_first_policy,-5.932227221597299,-3.6853205849268846,2.2469066366704142,2.087044570852535,2.4107315891472876,118,127,127,m1_higher,4B,qwen3-4b-keep4-s42,direction_a1,vs_baseline
margin_first_policy,-5.932227221597299,-1.7660292463442067,4.166197975253092,3.818563008130081,4.537362408932531,118,127,127,m1_higher,4B,qwen3-4b-keep4-s42,direction_a2,vs_baseline
margin_first_policy,-5.932227221597299,-5.8956692913385815,0.03655793025871734,0.005624296962879249,0.06823461091753827,118,127,127,m1_higher,4B,qwen3-4b-keep4-s42,random0_a1,vs_baseline
margin_first_policy,-5.932227221597299,-5.791619797525309,0.14060742407199012,0.11709601873536439,0.16440188280036414,118,127,127,m1_higher,4B,qwen3-4b-keep4-s42,random1_a1,vs_baseline
margin_first_policy,-5.932227221597299,-6.022215973003375,-0.08998875140607598,-0.11675824175824093,-0.0642857142857158,118,127,127,m1_lower,4B,qwen3-4b-keep4-s42,random2_a1,vs_baseline
margin_first_policy,-5.932227221597299,-6.034870641169855,-0.10264341957255585,-0.12835379464285637,-0.07821493137544323,118,127,127,m1_lower,4B,qwen3-4b-keep4-s42,random3_a1,vs_baseline
margin_first_policy,-5.932227221597299,-5.7142857142857135,0.21794150731158535,0.17853735005452498,0.26000309336333105,118,127,127,m1_higher,4B,qwen3-4b-keep4-s42,random4_a1,vs_baseline
margin_first_policy,-5.932227221597299,-5.968785151856018,-0.03655793025871912,-0.0664451827242516,-0.007317013670720715,118,127,127,m1_lower,4B,qwen3-4b-keep4-s42,random5_a1,vs_baseline
margin_first_policy,-5.932227221597299,-6.1951631046119235,-0.26293588301462467,-0.29714285714285626,-0.22753456221198304,118,127,127,m1_lower,4B,qwen3-4b-keep4-s42,random6_a1,vs_baseline
margin_first_policy,-5.932227221597299,-5.718503937007874,0.2137232845894248,0.18809263372077603,0.23991382395038124,118,127,127,m1_higher,4B,qwen3-4b-keep4-s42,random7_a1,vs_baseline
margin_first_policy,-5.917639201349832,-3.6853205849268846,2.2323186164229476,2.0733459249084234,2.3961933627177068,118,127,127,m1_higher,4B,qwen3-4b-keep4-s42,direction_a1,vs_random_mean
close_sampler_prob,0.10644178685150506,0.10644178685150506,0.0,0.0,0.0,118,127,127,interval_covers_zero,4B,qwen3-4b-keep4-s42,close_bias,vs_baseline
close_sampler_prob,0.10644178685150506,0.15555895074897075,0.04911716389746569,0.03553872762073685,0.06307043077854375,118,127,127,m1_higher,4B,qwen3-4b-keep4-s42,direction_a0.5,vs_baseline
close_sampler_prob,0.10644178685150506,0.215177363804185,0.10873557695267995,0.08228728834172323,0.1359053195099969,118,127,127,m1_higher,4B,qwen3-4b-keep4-s42,direction_a1,vs_baseline
close_sampler_prob,0.10644178685150506,0.35786793412941276,0.2514261472779077,0.20581578862949,0.297302818110143,118,127,127,m1_higher,4B,qwen3-4b-keep4-s42,direction_a2,vs_baseline
close_sampler_prob,0.10644178685150506,0.10576757790002378,-0.0006742089514812782,-0.00807218195314416,0.006414434335095246,118,127,127,interval_covers_zero,4B,qwen3-4b-keep4-s42,random0_a1,vs_baseline
close_sampler_prob,0.10644178685150506,0.11791462319475882,0.011472836343253759,0.006351506587138421,0.017874742343859128,118,127,127,m1_higher,4B,qwen3-4b-keep4-s42,random1_a1,vs_baseline
close_sampler_prob,0.10644178685150506,0.08998737904542808,-0.016454407806076973,-0.02483167305746178,-0.009133003811310662,118,127,127,m1_lower,4B,qwen3-4b-keep4-s42,random2_a1,vs_baseline
close_sampler_prob,0.10644178685150506,0.10006363906882389,-0.0063781477826811706,-0.011965167139724493,-0.0019801668323429803,118,127,127,m1_lower,4B,qwen3-4b-keep4-s42,random3_a1,vs_baseline
close_sampler_prob,0.10644178685150506,0.11220156546245717,0.005759778610952115,0.0012005853072801827,0.011719452594524293,118,127,127,m1_higher,4B,qwen3-4b-keep4-s42,random4_a1,vs_baseline
close_sampler_prob,0.10644178685150506,0.11349241792383978,0.007050631072334723,0.002413571441639528,0.012927089715617214,118,127,127,m1_higher,4B,qwen3-4b-keep4-s42,random5_a1,vs_baseline
close_sampler_prob,0.10644178685150506,0.09860350093440798,-0.00783828591709708,-0.012713031942210904,-0.0037302739578001366,118,127,127,m1_lower,4B,qwen3-4b-keep4-s42,random6_a1,vs_baseline
close_sampler_prob,0.10644178685150506,0.12160717278680491,0.015165385935299855,0.009145679573182021,0.02277054447205627,118,127,127,m1_higher,4B,qwen3-4b-keep4-s42,random7_a1,vs_baseline
close_sampler_prob,0.10745473453956805,0.215177363804185,0.10772262926461695,0.08194213842151846,0.13413588531978368,118,127,127,m1_higher,4B,qwen3-4b-keep4-s42,direction_a1,vs_random_mean
eos_without_close_rate,0.0,0.0,0.0,0.0,0.0,118,127,127,interval_covers_zero,4B,qwen3-4b-keep4-s42,close_bias,vs_baseline
eos_without_close_rate,0.0,0.0,0.0,0.0,0.0,118,127,127,interval_covers_zero,4B,qwen3-4b-keep4-s42,direction_a0.5,vs_baseline
eos_without_close_rate,0.0,0.0,0.0,0.0,0.0,118,127,127,interval_covers_zero,4B,qwen3-4b-keep4-s42,direction_a1,vs_baseline
eos_without_close_rate,0.0,0.0,0.0,0.0,0.0,118,127,127,interval_covers_zero,4B,qwen3-4b-keep4-s42,direction_a2,vs_baseline
eos_without_close_rate,0.0,0.0,0.0,0.0,0.0,118,127,127,interval_covers_zero,4B,qwen3-4b-keep4-s42,random0_a1,vs_baseline
eos_without_close_rate,0.0,0.0,0.0,0.0,0.0,118,127,127,interval_covers_zero,4B,qwen3-4b-keep4-s42,random1_a1,vs_baseline
eos_without_close_rate,0.0,0.0,0.0,0.0,0.0,118,127,127,interval_covers_zero,4B,qwen3-4b-keep4-s42,random2_a1,vs_baseline
eos_without_close_rate,0.0,0.0,0.0,0.0,0.0,118,127,127,interval_covers_zero,4B,qwen3-4b-keep4-s42,random3_a1,vs_baseline
eos_without_close_rate,0.0,0.0,0.0,0.0,0.0,118,127,127,interval_covers_zero,4B,qwen3-4b-keep4-s42,random4_a1,vs_baseline
eos_without_close_rate,0.0,0.0,0.0,0.0,0.0,118,127,127,interval_covers_zero,4B,qwen3-4b-keep4-s42,random5_a1,vs_baseline
eos_without_close_rate,0.0,0.0,0.0,0.0,0.0,118,127,127,interval_covers_zero,4B,qwen3-4b-keep4-s42,random6_a1,vs_baseline
eos_without_close_rate,0.0,0.0,0.0,0.0,0.0,118,127,127,interval_covers_zero,4B,qwen3-4b-keep4-s42,random7_a1,vs_baseline
eos_without_close_rate,0.0,0.0,0.0,0.0,0.0,118,127,127,interval_covers_zero,4B,qwen3-4b-keep4-s42,direction_a1,vs_random_mean
unresolved_rate,0.0,0.0,0.0,0.0,0.0,118,127,127,interval_covers_zero,4B,qwen3-4b-keep4-s42,close_bias,vs_baseline
unresolved_rate,0.0,0.0,0.0,0.0,0.0,118,127,127,interval_covers_zero,4B,qwen3-4b-keep4-s42,direction_a0.5,vs_baseline
unresolved_rate,0.0,0.0,0.0,0.0,0.0,118,127,127,interval_covers_zero,4B,qwen3-4b-keep4-s42,direction_a1,vs_baseline
unresolved_rate,0.0,0.0,0.0,0.0,0.0,118,127,127,interval_covers_zero,4B,qwen3-4b-keep4-s42,direction_a2,vs_baseline
unresolved_rate,0.0,0.0,0.0,0.0,0.0,118,127,127,interval_covers_zero,4B,qwen3-4b-keep4-s42,random0_a1,vs_baseline
unresolved_rate,0.0,0.0,0.0,0.0,0.0,118,127,127,interval_covers_zero,4B,qwen3-4b-keep4-s42,random1_a1,vs_baseline
unresolved_rate,0.0,0.0,0.0,0.0,0.0,118,127,127,interval_covers_zero,4B,qwen3-4b-keep4-s42,random2_a1,vs_baseline
unresolved_rate,0.0,0.0,0.0,0.0,0.0,118,127,127,interval_covers_zero,4B,qwen3-4b-keep4-s42,random3_a1,vs_baseline
unresolved_rate,0.0,0.0,0.0,0.0,0.0,118,127,127,interval_covers_zero,4B,qwen3-4b-keep4-s42,random4_a1,vs_baseline
unresolved_rate,0.0,0.0,0.0,0.0,0.0,118,127,127,interval_covers_zero,4B,qwen3-4b-keep4-s42,random5_a1,vs_baseline
unresolved_rate,0.0,0.0,0.0,0.0,0.0,118,127,127,interval_covers_zero,4B,qwen3-4b-keep4-s42,random6_a1,vs_baseline
unresolved_rate,0.0,0.0,0.0,0.0,0.0,118,127,127,interval_covers_zero,4B,qwen3-4b-keep4-s42,random7_a1,vs_baseline
unresolved_rate,0.0,0.0,0.0,0.0,0.0,118,127,127,interval_covers_zero,4B,qwen3-4b-keep4-s42,direction_a1,vs_random_mean
next_event_close_rate,0.24163385826771652,0.48179133858267714,0.24015748031496062,0.1928648901767418,0.2891260162601626,118,127,127,m1_higher,4B,qwen3-4b-obr-p15-s42,close_bias,vs_baseline
next_event_close_rate,0.24163385826771652,0.3065944881889764,0.06496062992125987,0.041496153846153856,0.09055674681289837,118,127,127,m1_higher,4B,qwen3-4b-obr-p15-s42,direction_a0.5,vs_baseline
next_event_close_rate,0.24163385826771652,0.3882874015748031,0.1466535433070866,0.11522216796875,0.17987833969465644,118,127,127,m1_higher,4B,qwen3-4b-obr-p15-s42,direction_a1,vs_baseline
next_event_close_rate,0.24163385826771652,0.4965551181102362,0.2549212598425197,0.21199785156249998,0.30167928070231137,118,127,127,m1_higher,4B,qwen3-4b-obr-p15-s42,direction_a2,vs_baseline
next_event_close_rate,0.24163385826771652,0.2372047244094488,-0.004429133858267709,-0.020348837209302334,0.010914880952380957,118,127,127,interval_covers_zero,4B,qwen3-4b-obr-p15-s42,random0_a1,vs_baseline
next_event_close_rate,0.24163385826771652,0.23474409448818898,-0.006889763779527547,-0.025916768292682895,0.01200048076923075,118,127,127,interval_covers_zero,4B,qwen3-4b-obr-p15-s42,random1_a1,vs_baseline
next_event_close_rate,0.24163385826771652,0.2140748031496063,-0.027559055118110215,-0.046176984740929516,-0.00927031545928034,118,127,127,m1_lower,4B,qwen3-4b-obr-p15-s42,random2_a1,vs_baseline
next_event_close_rate,0.24163385826771652,0.22440944881889763,-0.017224409448818895,-0.03472362231182797,0.0,118,127,127,interval_covers_zero,4B,qwen3-4b-obr-p15-s42,random3_a1,vs_baseline
next_event_close_rate,0.24163385826771652,0.23622047244094488,-0.005413385826771644,-0.027001673228346453,0.015380156423034313,118,127,127,interval_covers_zero,4B,qwen3-4b-obr-p15-s42,random4_a1,vs_baseline
next_event_close_rate,0.24163385826771652,0.24458661417322836,0.0029527559055118335,-0.014766708848893863,0.02066947634835121,118,127,127,interval_covers_zero,4B,qwen3-4b-obr-p15-s42,random5_a1,vs_baseline
next_event_close_rate,0.24163385826771652,0.20374015748031496,-0.03789370078740156,-0.059512500000000024,-0.016598345142926373,118,127,127,m1_lower,4B,qwen3-4b-obr-p15-s42,random6_a1,vs_baseline
next_event_close_rate,0.24163385826771652,0.24950787401574803,0.00787401574803151,-0.012004878048780497,0.030463130252100838,118,127,127,interval_covers_zero,4B,qwen3-4b-obr-p15-s42,random7_a1,vs_baseline
next_event_close_rate,0.23056102362204725,0.3882874015748031,0.15772637795275588,0.12800435815257233,0.1865093005952381,118,127,127,m1_higher,4B,qwen3-4b-obr-p15-s42,direction_a1,vs_random_mean
margin_first_policy,-3.8259280089988756,-1.8259280089988754,2.0,1.9999999999999991,2.000000000000001,118,127,127,m1_higher,4B,qwen3-4b-obr-p15-s42,close_bias,vs_baseline
margin_first_policy,-3.8259280089988756,-2.8880764904386957,0.9378515185601799,0.8461333525345623,1.0296717594577207,118,127,127,m1_higher,4B,qwen3-4b-obr-p15-s42,direction_a0.5,vs_baseline
margin_first_policy,-3.8259280089988756,-1.9881889763779537,1.837739032620922,1.645591957255343,2.0406207247263817,118,127,127,m1_higher,4B,qwen3-4b-obr-p15-s42,direction_a1,vs_baseline
margin_first_policy,-3.8259280089988756,-0.5413385826771654,3.2845894263217104,2.938551843317972,3.6586403262092233,118,127,127,m1_higher,4B,qwen3-4b-obr-p15-s42,direction_a2,vs_baseline
margin_first_policy,-3.8259280089988756,-3.852643419572554,-0.026715410573678433,-0.05580570133587802,0.0014175170068019812,118,127,127,interval_covers_zero,4B,qwen3-4b-obr-p15-s42,random0_a1,vs_baseline
margin_first_policy,-3.8259280089988756,-3.7528121484814405,0.07311586051743513,0.04829920356120565,0.09857967032967094,118,127,127,m1_higher,4B,qwen3-4b-obr-p15-s42,random1_a1,vs_baseline
margin_first_policy,-3.8259280089988756,-3.9468503937007875,-0.12092238470191186,-0.14999999999999952,-0.0899884789110655,118,127,127,m1_lower,4B,qwen3-4b-obr-p15-s42,random2_a1,vs_baseline
margin_first_policy,-3.8259280089988756,-3.953880764904387,-0.12795275590551114,-0.15306624618351256,-0.10243632336655528,118,127,127,m1_lower,4B,qwen3-4b-obr-p15-s42,random3_a1,vs_baseline
margin_first_policy,-3.8259280089988756,-3.633295838020248,0.19263217097862784,0.14972052845528447,0.23513532366071493,118,127,127,m1_higher,4B,qwen3-4b-obr-p15-s42,random4_a1,vs_baseline
margin_first_policy,-3.8259280089988756,-3.849831271091114,-0.023903262092238364,-0.05044076670759701,0.002835610050471598,118,127,127,interval_covers_zero,4B,qwen3-4b-obr-p15-s42,random5_a1,vs_baseline
margin_first_policy,-3.8259280089988756,-4.102924634420697,-0.27699662542182146,-0.30632984901277593,-0.24887514060742477,118,127,127,m1_lower,4B,qwen3-4b-obr-p15-s42,random6_a1,vs_baseline
margin_first_policy,-3.8259280089988756,-3.6093925759280103,0.2165354330708653,0.19102990033222556,0.24135239955357207,118,127,127,m1_higher,4B,qwen3-4b-obr-p15-s42,random7_a1,vs_baseline
margin_first_policy,-3.837703880764905,-1.9881889763779537,1.8495149043869512,1.6609048659654149,2.049794447382423,118,127,127,m1_higher,4B,qwen3-4b-obr-p15-s42,direction_a1,vs_random_mean
close_sampler_prob,0.233117551122672,0.47254826102845676,0.23943070990578477,0.1963708093937738,0.2819859080615027,118,127,127,m1_higher,4B,qwen3-4b-obr-p15-s42,close_bias,vs_baseline
close_sampler_prob,0.233117551122672,0.31673401335597984,0.08361646223330785,0.06469112170719489,0.10219296971083253,118,127,127,m1_higher,4B,qwen3-4b-obr-p15-s42,direction_a0.5,vs_baseline
close_sampler_prob,0.233117551122672,0.3834568084147732,0.1503392572921012,0.12261537555677708,0.1767547221230787,118,127,127,m1_higher,4B,qwen3-4b-obr-p15-s42,direction_a1,vs_baseline
close_sampler_prob,0.233117551122672,0.5007241934918943,0.2676066423692224,0.22539883533872318,0.3094977401149335,118,127,127,m1_higher,4B,qwen3-4b-obr-p15-s42,direction_a2,vs_baseline
close_sampler_prob,0.233117551122672,0.2353510653347339,0.0022335142120619156,-0.0025620118514453104,0.008261090298683098,118,127,127,interval_covers_zero,4B,qwen3-4b-obr-p15-s42,random0_a1,vs_baseline
close_sampler_prob,0.233117551122672,0.24712984256393916,0.014012291441267172,0.0069779646704223345,0.022114131851032764,118,127,127,m1_higher,4B,qwen3-4b-obr-p15-s42,random1_a1,vs_baseline
close_sampler_prob,0.233117551122672,0.2137071682920569,-0.01941038283061508,-0.027179024341978227,-0.013010621816171925,118,127,127,m1_lower,4B,qwen3-4b-obr-p15-s42,random2_a1,vs_baseline
close_sampler_prob,0.233117551122672,0.22610094575732162,-0.00701660536535037,-0.012049726861490077,-0.00310602235371457,118,127,127,m1_lower,4B,qwen3-4b-obr-p15-s42,random3_a1,vs_baseline
close_sampler_prob,0.233117551122672,0.24159515503773765,0.008477603915065662,0.0022404512044506735,0.015472005409852486,118,127,127,m1_higher,4B,qwen3-4b-obr-p15-s42,random4_a1,vs_baseline
close_sampler_prob,0.233117551122672,0.23650174512407976,0.00338419400140777,-0.0024763069014639436,0.008835914706348294,118,127,127,interval_covers_zero,4B,qwen3-4b-obr-p15-s42,random5_a1,vs_baseline
close_sampler_prob,0.233117551122672,0.20906931447683613,-0.024048236645835858,-0.03442411912034311,-0.014361175936797014,118,127,127,m1_lower,4B,qwen3-4b-obr-p15-s42,random6_a1,vs_baseline
close_sampler_prob,0.233117551122672,0.2576704215503736,0.02455287042770163,0.01614806854604039,0.03363953958748897,118,127,127,m1_higher,4B,qwen3-4b-obr-p15-s42,random7_a1,vs_baseline
close_sampler_prob,0.23339070726713484,0.3834568084147732,0.15006610114763835,0.12214098723117624,0.1765884176341335,118,127,127,m1_higher,4B,qwen3-4b-obr-p15-s42,direction_a1,vs_random_mean
eos_without_close_rate,0.0,0.0,0.0,0.0,0.0,118,127,127,interval_covers_zero,4B,qwen3-4b-obr-p15-s42,close_bias,vs_baseline
eos_without_close_rate,0.0,0.0,0.0,0.0,0.0,118,127,127,interval_covers_zero,4B,qwen3-4b-obr-p15-s42,direction_a0.5,vs_baseline
eos_without_close_rate,0.0,0.0,0.0,0.0,0.0,118,127,127,interval_covers_zero,4B,qwen3-4b-obr-p15-s42,direction_a1,vs_baseline
eos_without_close_rate,0.0,0.0,0.0,0.0,0.0,118,127,127,interval_covers_zero,4B,qwen3-4b-obr-p15-s42,direction_a2,vs_baseline
eos_without_close_rate,0.0,0.0,0.0,0.0,0.0,118,127,127,interval_covers_zero,4B,qwen3-4b-obr-p15-s42,random0_a1,vs_baseline
eos_without_close_rate,0.0,0.0,0.0,0.0,0.0,118,127,127,interval_covers_zero,4B,qwen3-4b-obr-p15-s42,random1_a1,vs_baseline
eos_without_close_rate,0.0,0.0,0.0,0.0,0.0,118,127,127,interval_covers_zero,4B,qwen3-4b-obr-p15-s42,random2_a1,vs_baseline
eos_without_close_rate,0.0,0.0,0.0,0.0,0.0,118,127,127,interval_covers_zero,4B,qwen3-4b-obr-p15-s42,random3_a1,vs_baseline
eos_without_close_rate,0.0,0.0,0.0,0.0,0.0,118,127,127,interval_covers_zero,4B,qwen3-4b-obr-p15-s42,random4_a1,vs_baseline
eos_without_close_rate,0.0,0.0,0.0,0.0,0.0,118,127,127,interval_covers_zero,4B,qwen3-4b-obr-p15-s42,random5_a1,vs_baseline
eos_without_close_rate,0.0,0.0,0.0,0.0,0.0,118,127,127,interval_covers_zero,4B,qwen3-4b-obr-p15-s42,random6_a1,vs_baseline
eos_without_close_rate,0.0,0.0,0.0,0.0,0.0,118,127,127,interval_covers_zero,4B,qwen3-4b-obr-p15-s42,random7_a1,vs_baseline
eos_without_close_rate,0.0,0.0,0.0,0.0,0.0,118,127,127,interval_covers_zero,4B,qwen3-4b-obr-p15-s42,direction_a1,vs_random_mean
unresolved_rate,0.0,0.0,0.0,0.0,0.0,118,127,127,interval_covers_zero,4B,qwen3-4b-obr-p15-s42,close_bias,vs_baseline
unresolved_rate,0.0,0.0,0.0,0.0,0.0,118,127,127,interval_covers_zero,4B,qwen3-4b-obr-p15-s42,direction_a0.5,vs_baseline
unresolved_rate,0.0,0.0,0.0,0.0,0.0,118,127,127,interval_covers_zero,4B,qwen3-4b-obr-p15-s42,direction_a1,vs_baseline
unresolved_rate,0.0,0.0,0.0,0.0,0.0,118,127,127,interval_covers_zero,4B,qwen3-4b-obr-p15-s42,direction_a2,vs_baseline
unresolved_rate,0.0,0.0,0.0,0.0,0.0,118,127,127,interval_covers_zero,4B,qwen3-4b-obr-p15-s42,random0_a1,vs_baseline
unresolved_rate,0.0,0.0,0.0,0.0,0.0,118,127,127,interval_covers_zero,4B,qwen3-4b-obr-p15-s42,random1_a1,vs_baseline
unresolved_rate,0.0,0.0,0.0,0.0,0.0,118,127,127,interval_covers_zero,4B,qwen3-4b-obr-p15-s42,random2_a1,vs_baseline
unresolved_rate,0.0,0.0,0.0,0.0,0.0,118,127,127,interval_covers_zero,4B,qwen3-4b-obr-p15-s42,random3_a1,vs_baseline
unresolved_rate,0.0,0.0,0.0,0.0,0.0,118,127,127,interval_covers_zero,4B,qwen3-4b-obr-p15-s42,random4_a1,vs_baseline
unresolved_rate,0.0,0.0,0.0,0.0,0.0,118,127,127,interval_covers_zero,4B,qwen3-4b-obr-p15-s42,random5_a1,vs_baseline
unresolved_rate,0.0,0.0,0.0,0.0,0.0,118,127,127,interval_covers_zero,4B,qwen3-4b-obr-p15-s42,random6_a1,vs_baseline
unresolved_rate,0.0,0.0,0.0,0.0,0.0,118,127,127,interval_covers_zero,4B,qwen3-4b-obr-p15-s42,random7_a1,vs_baseline
unresolved_rate,0.0,0.0,0.0,0.0,0.0,118,127,127,interval_covers_zero,4B,qwen3-4b-obr-p15-s42,direction_a1,vs_random_mean
