pair,m0_tag,m1_tag,metric,m0,m1,diff_or_value,ci_low,ci_high,direction
4b_CK_s42,qwen3-4b-cleanv2-s42,qwen3-4b-keep4-s42,pooled_capture_hazard,0.014928112572652186,0.04851715415824944,0.03358904158559725,0.03088351332686798,0.036400419448166965,UP
4b_CK_s42,qwen3-4b-cleanv2-s42,qwen3-4b-keep4-s42,pooled_gap_stop_hazard,0.15153874098292594,0.05548521516147127,-0.09605352582145467,-0.10389844527909141,-0.08906108002454247,DOWN
4b_CK_s42,qwen3-4b-cleanv2-s42,qwen3-4b-keep4-s42,pooled_inepisode_stop_hazard,0.07684307127561946,0.042337922487989545,-0.03450514878762991,-0.037785071296687865,-0.031539947481608654,DOWN
4b_CK_s42,qwen3-4b-cleanv2-s42,qwen3-4b-keep4-s42,cif_capture_final,0.05522343717257757,0.3244059442155693,0.26918250704299174,0.2524872822584027,0.286461894108622,UP
4b_CK_s42,qwen3-4b-cleanv2-s42,qwen3-4b-keep4-s42,cif_stop_final,0.9447765628274232,0.6755940557844303,-0.26918250704299285,-0.28646189410862155,-0.2524872822584032,DOWN
4b_CK_s42,qwen3-4b-cleanv2-s42,qwen3-4b-keep4-s42,propensity_component,nan,nan,0.14174243396917152,0.12797363882816554,0.1560040738972441,UP
4b_CK_s42,qwen3-4b-cleanv2-s42,qwen3-4b-keep4-s42,exposure_component,nan,nan,0.1273924602170177,0.11837609874552096,0.13705249946661124,UP
4b_CK_s42,qwen3-4b-cleanv2-s42,qwen3-4b-keep4-s42,decomposition_total,nan,nan,0.26913489418618924,0.2524977058865255,0.2864155493386335,UP
4b_CK_s42,qwen3-4b-cleanv2-s42,qwen3-4b-keep4-s42,raw_cif_diff,nan,nan,0.26918250704299174,0.2524872822584027,0.286461894108622,UP
4b_CK_s42,qwen3-4b-cleanv2-s42,qwen3-4b-keep4-s42,capture_rate,0.05515370705244123,0.32301084990958406,0.26785714285714285,0.2513562386980109,0.2851491862567812,UP
4b_CK_s42,qwen3-4b-cleanv2-s42,qwen3-4b-keep4-s42,stop_rate,0.9439421338155516,0.6731464737793852,-0.2707956600361664,-0.2880877034358047,-0.2542947558770343,DOWN
4b_CK_s42,qwen3-4b-cleanv2-s42,qwen3-4b-keep4-s42,censor_rate,0.0009041591320072332,0.0038426763110307413,0.002938517179023508,0.0012432188065099458,0.004633815551537071,UP
4b_CK_s42,qwen3-4b-cleanv2-s42,qwen3-4b-keep4-s42,mean_episodes_experienced,3.694620253164557,6.657662748643761,2.9630424954792045,2.7780261075949366,3.1560889466546116,UP
4b_CK_s42,qwen3-4b-cleanv2-s42,qwen3-4b-keep4-s42,zero_episode_rate,0.2750904159132007,0.09708408679927667,-0.17800632911392406,-0.19134267631103075,-0.16534810126582278,DOWN
4b_CK_s42,qwen3-4b-cleanv2-s42,qwen3-4b-keep4-s42,mean_reuse_blocks,12.575384267631103,105.36708860759494,92.79170433996383,86.62405345840868,99.27381611663652,UP
4b_CK_s42,qwen3-4b-cleanv2-s42,qwen3-4b-keep4-s42,recovered_before_capture_mean,4.870901639344262,6.433170048985304,1.5622684096410424,1.0164666306461767,2.099047100116408,UP
4b_CK_s42,qwen3-4b-cleanv2-s42,qwen3-4b-keep4-s42,orbit_given_captured,0.10655737704918032,0.21763470958712386,0.11107733253794354,0.07470266899281518,0.1451793859325917,UP
4b_CK_s42,qwen3-4b-cleanv2-s42,qwen3-4b-keep4-s42,stop_in_episode_share,0.3004784688995215,0.41769616026711187,0.11721769136759036,0.09966221926129903,0.13513388453354738,UP
4b_CO15_s42,qwen3-4b-cleanv2-s42,qwen3-4b-obr-p15-s42,pooled_capture_hazard,0.014928112572652186,0.024680362016951587,0.0097522494442994,0.007463149273853545,0.01201023650044692,UP
4b_CO15_s42,qwen3-4b-cleanv2-s42,qwen3-4b-obr-p15-s42,pooled_gap_stop_hazard,0.15153874098292594,0.13417727815360128,-0.01736146282932466,-0.02313966715178838,-0.011868205946178304,DOWN
4b_CO15_s42,qwen3-4b-cleanv2-s42,qwen3-4b-obr-p15-s42,pooled_inepisode_stop_hazard,0.07684307127561946,0.07424220657951444,-0.0026008646961050153,-0.0059338136475712375,0.0008047953431639898,UNRESOLVED
4b_CO15_s42,qwen3-4b-cleanv2-s42,qwen3-4b-obr-p15-s42,cif_capture_final,0.05522343717257757,0.09721130234094347,0.0419878651683659,0.03349316261038676,0.05050289851511123,UP
4b_CO15_s42,qwen3-4b-cleanv2-s42,qwen3-4b-obr-p15-s42,cif_stop_final,0.9447765628274232,0.9027886976590562,-0.041987865168366945,-0.050561117552479024,-0.0334931626103874,DOWN
4b_CO15_s42,qwen3-4b-cleanv2-s42,qwen3-4b-obr-p15-s42,propensity_component,nan,nan,0.03339092479707588,0.0253704186017755,0.0414614450099667,UP
4b_CO15_s42,qwen3-4b-cleanv2-s42,qwen3-4b-obr-p15-s42,exposure_component,nan,nan,0.008597944263884813,0.006021751407127169,0.011328987811477589,UP
4b_CO15_s42,qwen3-4b-cleanv2-s42,qwen3-4b-obr-p15-s42,decomposition_total,nan,nan,0.04198886906096069,0.03349679266226314,0.05050847334243264,UP
4b_CO15_s42,qwen3-4b-cleanv2-s42,qwen3-4b-obr-p15-s42,raw_cif_diff,nan,nan,0.0419878651683659,0.03349316261038676,0.05050289851511123,UP
4b_CO15_s42,qwen3-4b-cleanv2-s42,qwen3-4b-obr-p15-s42,capture_rate,0.05515370705244123,0.09708408679927667,0.041930379746835444,0.03345388788426763,0.05040687160940326,UP
4b_CO15_s42,qwen3-4b-cleanv2-s42,qwen3-4b-obr-p15-s42,stop_rate,0.9439421338155516,0.9017857142857143,-0.042156419529837286,-0.05085895117540684,-0.03356690777576854,DOWN
4b_CO15_s42,qwen3-4b-cleanv2-s42,qwen3-4b-obr-p15-s42,censor_rate,0.0009041591320072332,0.0011301989150090416,0.0002260397830018084,-0.0010171790235081373,0.0013562386980108501,UNRESOLVED
4b_CO15_s42,qwen3-4b-cleanv2-s42,qwen3-4b-obr-p15-s42,mean_episodes_experienced,3.694620253164557,3.933657323688969,0.23903707052441225,0.11505424954792032,0.36709143309222436,UP
4b_CO15_s42,qwen3-4b-cleanv2-s42,qwen3-4b-obr-p15-s42,zero_episode_rate,0.2750904159132007,0.23508137432188064,-0.04000904159132007,-0.05198915009041591,-0.028026107594936726,DOWN
4b_CO15_s42,qwen3-4b-cleanv2-s42,qwen3-4b-obr-p15-s42,mean_reuse_blocks,12.575384267631103,20.12149638336347,7.5461121157323685,5.675257120253165,9.47978921790235,UP
4b_CO15_s42,qwen3-4b-cleanv2-s42,qwen3-4b-obr-p15-s42,recovered_before_capture_mean,4.870901639344262,4.810244470314319,-0.06065716902994289,-0.5739249107814276,0.45139127576416455,UNRESOLVED
4b_CO15_s42,qwen3-4b-cleanv2-s42,qwen3-4b-obr-p15-s42,orbit_given_captured,0.10655737704918032,0.13853317811408614,0.031975801064905815,-0.00889081902859968,0.07134660377662393,UNRESOLVED
4b_CO15_s42,qwen3-4b-cleanv2-s42,qwen3-4b-obr-p15-s42,stop_in_episode_share,0.3004784688995215,0.323695080736012,0.023216611836490486,0.008990526853062049,0.037553950592079846,UP
4b_notrainC_s42,qwen3-4b-notrain,qwen3-4b-cleanv2-s42,pooled_capture_hazard,0.0198744769874477,0.014928112572652186,-0.004946364414795512,-0.010077960391202323,0.0001536569348700132,UNRESOLVED
4b_notrainC_s42,qwen3-4b-notrain,qwen3-4b-cleanv2-s42,pooled_gap_stop_hazard,0.5601472053975313,0.15153874098292594,-0.4086084644146053,-0.42972806115853457,-0.38734225535015504,DOWN
4b_notrainC_s42,qwen3-4b-notrain,qwen3-4b-cleanv2-s42,pooled_inepisode_stop_hazard,0.24877963737796374,0.07684307127561946,-0.17193656610234428,-0.18499694062019484,-0.15962511195410098,DOWN
4b_notrainC_s42,qwen3-4b-notrain,qwen3-4b-cleanv2-s42,cif_capture_final,0.012889436757923657,0.05522343717257757,0.04233400041465391,0.034402722065543206,0.05053424439086488,UP
4b_notrainC_s42,qwen3-4b-notrain,qwen3-4b-cleanv2-s42,cif_stop_final,0.9871105632420762,0.9447765628274232,-0.04233400041465307,-0.050534244390865325,-0.03440272206554295,DOWN
4b_notrainC_s42,qwen3-4b-notrain,qwen3-4b-cleanv2-s42,propensity_component,nan,nan,-0.007469587779667611,-0.019063151396523915,0.0035713855075331547,UNRESOLVED
4b_notrainC_s42,qwen3-4b-notrain,qwen3-4b-cleanv2-s42,exposure_component,nan,nan,0.049779607720708274,0.041022194521773185,0.060036348319993535,UP
4b_notrainC_s42,qwen3-4b-notrain,qwen3-4b-cleanv2-s42,decomposition_total,nan,nan,0.042310019941040666,0.03438349990607269,0.050514467902402896,UP
4b_notrainC_s42,qwen3-4b-notrain,qwen3-4b-cleanv2-s42,raw_cif_diff,nan,nan,0.04233400041465391,0.034402722065543206,0.05053424439086488,UP
4b_notrainC_s42,qwen3-4b-notrain,qwen3-4b-cleanv2-s42,capture_rate,0.012884267631103074,0.05515370705244123,0.04226943942133815,0.03435804701627486,0.05040969710669074,UP
4b_notrainC_s42,qwen3-4b-notrain,qwen3-4b-cleanv2-s42,stop_rate,0.987002712477396,0.9439421338155516,-0.04306057866184443,-0.0511980108499096,-0.035036166365280286,DOWN
4b_notrainC_s42,qwen3-4b-notrain,qwen3-4b-cleanv2-s42,censor_rate,0.00011301989150090416,0.0009041591320072332,0.0007911392405063291,0.0,0.0018083182640144665,UNRESOLVED
4b_notrainC_s42,qwen3-4b-notrain,qwen3-4b-cleanv2-s42,mean_episodes_experienced,0.6482820976491862,3.694620253164557,3.046338155515371,2.847267744122966,3.241079905063291,UP
4b_notrainC_s42,qwen3-4b-notrain,qwen3-4b-cleanv2-s42,zero_episode_rate,0.7053571428571429,0.2750904159132007,-0.4302667269439422,-0.4489150090415913,-0.41105334538878846,DOWN
4b_notrainC_s42,qwen3-4b-notrain,qwen3-4b-cleanv2-s42,mean_reuse_blocks,1.5948236889692586,12.575384267631103,10.980560578661844,9.489833860759493,12.502845275768536,UP
4b_notrainC_s42,qwen3-4b-notrain,qwen3-4b-cleanv2-s42,recovered_before_capture_mean,1.0964912280701755,4.870901639344262,3.7744104112740864,3.1552412282279043,4.383362552357474,UP
4b_notrainC_s42,qwen3-4b-notrain,qwen3-4b-cleanv2-s42,orbit_given_captured,0.017543859649122806,0.10655737704918032,0.08901351740005752,0.04231526676054015,0.13114754098360656,UP
4b_notrainC_s42,qwen3-4b-notrain,qwen3-4b-cleanv2-s42,stop_in_episode_share,0.1633844744675979,0.3004784688995215,0.1370939944319236,0.12029200087991133,0.15331590283397473,UP
4b_CGN_s42,qwen3-4b-cleanv2-s42,qwen3-4b-generic-noise-s42,pooled_capture_hazard,0.014928112572652186,0.01127686023796839,-0.003651252334683797,-0.005307629684218508,-0.002021229720839298,DOWN
4b_CGN_s42,qwen3-4b-cleanv2-s42,qwen3-4b-generic-noise-s42,pooled_gap_stop_hazard,0.15153874098292594,0.10091798044302534,-0.0506207605399006,-0.05663918393885313,-0.04511482262847491,DOWN
4b_CGN_s42,qwen3-4b-cleanv2-s42,qwen3-4b-generic-noise-s42,pooled_inepisode_stop_hazard,0.07684307127561946,0.07276682649618185,-0.0040762447794376044,-0.007245625563931522,-0.0009521230807058034,DOWN
4b_CGN_s42,qwen3-4b-cleanv2-s42,qwen3-4b-generic-noise-s42,cif_capture_final,0.05522343717257757,0.05745274205344438,0.0022293048808668114,-0.004204661630065575,0.008729163158707625,UNRESOLVED
4b_CGN_s42,qwen3-4b-cleanv2-s42,qwen3-4b-generic-noise-s42,cif_stop_final,0.9447765628274232,0.9425472579465558,-0.0022293048808673666,-0.008729163158708276,0.004204661630065627,UNRESOLVED
4b_CGN_s42,qwen3-4b-cleanv2-s42,qwen3-4b-generic-noise-s42,propensity_component,nan,nan,-0.015471959780082072,-0.02226965969701005,-0.008741951835216722,DOWN
4b_CGN_s42,qwen3-4b-cleanv2-s42,qwen3-4b-generic-noise-s42,exposure_component,nan,nan,0.017696985152510575,0.015331338499984973,0.020235361983864223,UP
4b_CGN_s42,qwen3-4b-cleanv2-s42,qwen3-4b-generic-noise-s42,decomposition_total,nan,nan,0.0022250253724285032,-0.004208045767515882,0.008723700981575197,UNRESOLVED
4b_CGN_s42,qwen3-4b-cleanv2-s42,qwen3-4b-generic-noise-s42,raw_cif_diff,nan,nan,0.0022293048808668114,-0.004204661630065575,0.008729163158707625,UNRESOLVED
4b_CGN_s42,qwen3-4b-cleanv2-s42,qwen3-4b-generic-noise-s42,capture_rate,0.05515370705244123,0.057414104882459314,0.0022603978300180863,-0.004181735985533452,0.008815551537070525,UNRESOLVED
4b_CGN_s42,qwen3-4b-cleanv2-s42,qwen3-4b-generic-noise-s42,stop_rate,0.9439421338155516,0.9420207956600362,-0.0019213381555154285,-0.008589511754068746,0.004633815551537079,UNRESOLVED
4b_CGN_s42,qwen3-4b-cleanv2-s42,qwen3-4b-generic-noise-s42,censor_rate,0.0009041591320072332,0.0005650994575045208,-0.0003390596745027124,-0.001469258589511754,0.0005650994575045209,UNRESOLVED
4b_CGN_s42,qwen3-4b-cleanv2-s42,qwen3-4b-generic-noise-s42,mean_episodes_experienced,3.694620253164557,5.0913200723327305,1.3966998191681737,1.2603893535262212,1.5354938969258587,UP
4b_CGN_s42,qwen3-4b-cleanv2-s42,qwen3-4b-generic-noise-s42,zero_episode_rate,0.2750904159132007,0.15393309222423146,-0.12115732368896925,-0.13223327305605787,-0.11064647377938519,DOWN
4b_CGN_s42,qwen3-4b-cleanv2-s42,qwen3-4b-generic-noise-s42,mean_reuse_blocks,12.575384267631103,15.655176311030742,3.079792043399639,1.7863924050632907,4.397564421338155,UP
4b_CGN_s42,qwen3-4b-cleanv2-s42,qwen3-4b-generic-noise-s42,recovered_before_capture_mean,4.870901639344262,4.248031496062992,-0.6228701432812702,-1.214928889490887,-0.04941805692689046,DOWN
4b_CGN_s42,qwen3-4b-cleanv2-s42,qwen3-4b-generic-noise-s42,orbit_given_captured,0.10655737704918032,0.14763779527559054,0.04108041822641022,0.0024582444379033772,0.07955882330724674,UP
4b_CGN_s42,qwen3-4b-cleanv2-s42,qwen3-4b-generic-noise-s42,stop_in_episode_share,0.3004784688995215,0.39304556354916065,0.09256709464963914,0.07906029068369234,0.10604076716019632,UP
4b_CISCA_s42,qwen3-4b-cleanv2-s42,qwen3-4b-isc-a-s42,pooled_capture_hazard,0.014928112572652186,0.00911191987886194,-0.005816192693790247,-0.007642253745055759,-0.004139270654686036,DOWN
4b_CISCA_s42,qwen3-4b-cleanv2-s42,qwen3-4b-isc-a-s42,pooled_gap_stop_hazard,0.15153874098292594,0.12776310301682192,-0.02377563796610402,-0.029349923341353997,-0.01842451610513171,DOWN
4b_CISCA_s42,qwen3-4b-cleanv2-s42,qwen3-4b-isc-a-s42,pooled_inepisode_stop_hazard,0.07684307127561946,0.07943043859416093,0.002587367318541478,-0.0009532086632173832,0.005969566377033333,UNRESOLVED
4b_CISCA_s42,qwen3-4b-cleanv2-s42,qwen3-4b-isc-a-s42,cif_capture_final,0.05522343717257757,0.03877134891778018,-0.016452088254797388,-0.023118407900483987,-0.010008570905839327,DOWN
4b_CISCA_s42,qwen3-4b-cleanv2-s42,qwen3-4b-isc-a-s42,cif_stop_final,0.9447765628274232,0.9612286510822199,0.016452088254796715,0.010008570905838052,0.023118407900484323,UP
4b_CISCA_s42,qwen3-4b-cleanv2-s42,qwen3-4b-isc-a-s42,propensity_component,nan,nan,-0.02172570154311843,-0.02840451593195121,-0.015405378069899184,DOWN
4b_CISCA_s42,qwen3-4b-cleanv2-s42,qwen3-4b-isc-a-s42,exposure_component,nan,nan,0.005273562381300657,0.0037432747721338967,0.006869681537214154,UP
4b_CISCA_s42,qwen3-4b-cleanv2-s42,qwen3-4b-isc-a-s42,decomposition_total,nan,nan,-0.016452139161817772,-0.023118460549295214,-0.010008597702592126,DOWN
4b_CISCA_s42,qwen3-4b-cleanv2-s42,qwen3-4b-isc-a-s42,raw_cif_diff,nan,nan,-0.016452088254797388,-0.023118407900483987,-0.010008570905839327,DOWN
4b_CISCA_s42,qwen3-4b-cleanv2-s42,qwen3-4b-isc-a-s42,capture_rate,0.05515370705244123,0.038765822784810125,-0.016387884267631103,-0.02305605786618445,-0.009945750452079564,DOWN
4b_CISCA_s42,qwen3-4b-cleanv2-s42,qwen3-4b-isc-a-s42,stop_rate,0.9439421338155516,0.961121157323689,0.01717902350813738,0.010623869801084984,0.02396021699819162,UP
4b_CISCA_s42,qwen3-4b-cleanv2-s42,qwen3-4b-isc-a-s42,censor_rate,0.0009041591320072332,0.00011301989150090416,-0.0007911392405063291,-0.0018083182640144665,0.0,UNRESOLVED
4b_CISCA_s42,qwen3-4b-cleanv2-s42,qwen3-4b-isc-a-s42,mean_episodes_experienced,3.694620253164557,4.254407775768535,0.5597875226039783,0.4334030289330925,0.6890851039782999,UP
4b_CISCA_s42,qwen3-4b-cleanv2-s42,qwen3-4b-isc-a-s42,zero_episode_rate,0.2750904159132007,0.20716546112115733,-0.06792495479204338,-0.07956600361663652,-0.0563969258589512,DOWN
4b_CISCA_s42,qwen3-4b-cleanv2-s42,qwen3-4b-isc-a-s42,mean_reuse_blocks,12.575384267631103,11.224909584086799,-1.350474683544304,-2.683764692585895,-0.06114093580470059,DOWN
4b_CISCA_s42,qwen3-4b-cleanv2-s42,qwen3-4b-isc-a-s42,recovered_before_capture_mean,4.870901639344262,3.947521865889213,-0.9233797734550491,-1.522937226375495,-0.3109405728686948,DOWN
4b_CISCA_s42,qwen3-4b-cleanv2-s42,qwen3-4b-isc-a-s42,orbit_given_captured,0.10655737704918032,0.11078717201166181,0.004229794962481492,-0.03761523791001454,0.04721258242839991,UNRESOLVED
4b_CISCA_s42,qwen3-4b-cleanv2-s42,qwen3-4b-isc-a-s42,stop_in_episode_share,0.3004784688995215,0.3515579071134627,0.051079438213941175,0.03752844080596992,0.06457667684683367,UP
4b_CK_s123,qwen3-4b-cleanv2-s123,qwen3-4b-keep4-s123,pooled_capture_hazard,0.012614307023801802,0.04944576537959211,0.03683145835579031,0.0340389150384774,0.039727496465414895,UP
4b_CK_s123,qwen3-4b-cleanv2-s123,qwen3-4b-keep4-s123,pooled_gap_stop_hazard,0.15966867387809597,0.05426405659033723,-0.10540461728775874,-0.11336277649188893,-0.09803819253106058,DOWN
4b_CK_s123,qwen3-4b-cleanv2-s123,qwen3-4b-keep4-s123,pooled_inepisode_stop_hazard,0.08418185355729943,0.04052108100867352,-0.04366077254862591,-0.04711208167538976,-0.04042409347360668,DOWN
4b_CK_s123,qwen3-4b-cleanv2-s123,qwen3-4b-keep4-s123,cif_capture_final,0.043986085842007694,0.33568957015737755,0.29170348431536985,0.27442132213588744,0.30931766595953636,UP
4b_CK_s123,qwen3-4b-cleanv2-s123,qwen3-4b-keep4-s123,cif_stop_final,0.9560139141579925,0.6643104298426221,-0.2917034843153704,-0.309317665959536,-0.274421322135888,DOWN
4b_CK_s123,qwen3-4b-cleanv2-s123,qwen3-4b-keep4-s123,propensity_component,nan,nan,0.16270578712865635,0.14808415694183383,0.17698790234508627,UP
4b_CK_s123,qwen3-4b-cleanv2-s123,qwen3-4b-keep4-s123,exposure_component,nan,nan,0.1289121780372785,0.11935366693649949,0.13915669888888327,UP
4b_CK_s123,qwen3-4b-cleanv2-s123,qwen3-4b-keep4-s123,decomposition_total,nan,nan,0.29161796516593486,0.2743934925481501,0.3091981076108134,UP
4b_CK_s123,qwen3-4b-cleanv2-s123,qwen3-4b-keep4-s123,raw_cif_diff,nan,nan,0.29170348431536985,0.27442132213588744,0.30931766595953636,UP
4b_CK_s123,qwen3-4b-cleanv2-s123,qwen3-4b-keep4-s123,capture_rate,0.04396473779385172,0.33374773960216997,0.28978300180831823,0.27260397830018085,0.3073010849909584,UP
4b_CK_s123,qwen3-4b-cleanv2-s123,qwen3-4b-keep4-s123,stop_rate,0.9556962025316456,0.6610533453887885,-0.2946428571428571,-0.31227396021699827,-0.2773508137432188,DOWN
4b_CK_s123,qwen3-4b-cleanv2-s123,qwen3-4b-keep4-s123,censor_rate,0.0003390596745027125,0.005198915009041591,0.004859855334538879,0.003164556962025317,0.006555153707052441,UP
4b_CK_s123,qwen3-4b-cleanv2-s123,qwen3-4b-keep4-s123,mean_episodes_experienced,3.4853074141048825,6.749773960216999,3.264466546112116,3.0515314195298378,3.467012319168173,UP
4b_CK_s123,qwen3-4b-cleanv2-s123,qwen3-4b-keep4-s123,zero_episode_rate,0.26717902350813744,0.09934448462929475,-0.1678345388788427,-0.18004351265822788,-0.15574141048824594,DOWN
4b_CK_s123,qwen3-4b-cleanv2-s123,qwen3-4b-keep4-s123,mean_reuse_blocks,11.15630650994575,107.626130198915,96.46982368896926,89.90053966998192,103.19768309222422,UP
4b_CK_s123,qwen3-4b-cleanv2-s123,qwen3-4b-keep4-s123,recovered_before_capture_mean,3.9074550128534704,6.474432780223501,2.5669777673700307,2.072939878650454,3.025269845505883,UP
4b_CK_s123,qwen3-4b-cleanv2-s123,qwen3-4b-keep4-s123,orbit_given_captured,0.11568123393316196,0.2533017270572299,0.13762049312406796,0.09990046744498059,0.1745148962231408,UP
4b_CK_s123,qwen3-4b-cleanv2-s123,qwen3-4b-keep4-s123,stop_in_episode_share,0.3068920676202861,0.4115351993214589,0.10464313170117279,0.08753601035631163,0.12180508777209521,UP
4b_CO15_s123,qwen3-4b-cleanv2-s123,qwen3-4b-obr-p15-s123,pooled_capture_hazard,0.012614307023801802,0.02336800423858788,0.010753697214786077,0.008611148592444448,0.012832629001852561,UP
4b_CO15_s123,qwen3-4b-cleanv2-s123,qwen3-4b-obr-p15-s123,pooled_gap_stop_hazard,0.15966867387809597,0.13240772096173384,-0.02726095291636213,-0.03325966924569212,-0.021599746804813993,DOWN
4b_CO15_s123,qwen3-4b-cleanv2-s123,qwen3-4b-obr-p15-s123,pooled_inepisode_stop_hazard,0.08418185355729943,0.07052229441454505,-0.01365955914275438,-0.01716539089320253,-0.010171373575591048,DOWN
4b_CO15_s123,qwen3-4b-cleanv2-s123,qwen3-4b-obr-p15-s123,cif_capture_final,0.043986085842007694,0.09482247135591641,0.05083638551390872,0.04231843090408436,0.05919895203668203,UP
4b_CO15_s123,qwen3-4b-cleanv2-s123,qwen3-4b-obr-p15-s123,cif_stop_final,0.9560139141579925,0.905177528644083,-0.050836385513909566,-0.05919895203668223,-0.0423184309040841,DOWN
4b_CO15_s123,qwen3-4b-cleanv2-s123,qwen3-4b-obr-p15-s123,propensity_component,nan,nan,0.03657560238945081,0.028900012513616312,0.04401646578584676,UP
4b_CO15_s123,qwen3-4b-cleanv2-s123,qwen3-4b-obr-p15-s123,exposure_component,nan,nan,0.014260782221649386,0.011678357511536494,0.017159383844755547,UP
4b_CO15_s123,qwen3-4b-cleanv2-s123,qwen3-4b-obr-p15-s123,decomposition_total,nan,nan,0.0508363846111002,0.0423184308254136,0.059198950828529474,UP
4b_CO15_s123,qwen3-4b-cleanv2-s123,qwen3-4b-obr-p15-s123,raw_cif_diff,nan,nan,0.05083638551390872,0.04231843090408436,0.05919895203668203,UP
4b_CO15_s123,qwen3-4b-cleanv2-s123,qwen3-4b-obr-p15-s123,capture_rate,0.04396473779385172,0.09471066907775769,0.05074593128390597,0.04226943942133815,0.05910940325497287,UP
4b_CO15_s123,qwen3-4b-cleanv2-s123,qwen3-4b-obr-p15-s123,stop_rate,0.9556962025316456,0.904498191681736,-0.0511980108499096,-0.05967450271247743,-0.04271869349005419,DOWN
4b_CO15_s123,qwen3-4b-cleanv2-s123,qwen3-4b-obr-p15-s123,censor_rate,0.0003390596745027125,0.0007911392405063291,0.0004520795660036166,-0.0003390596745027124,0.0012432188065099458,UNRESOLVED
4b_CO15_s123,qwen3-4b-cleanv2-s123,qwen3-4b-obr-p15-s123,mean_episodes_experienced,3.4853074141048825,4.0530063291139244,0.5676989150090419,0.43851435352622053,0.6937189195298374,UP
4b_CO15_s123,qwen3-4b-cleanv2-s123,qwen3-4b-obr-p15-s123,zero_episode_rate,0.26717902350813744,0.2416365280289331,-0.02554249547920434,-0.036847310126582315,-0.013446541591320103,DOWN
4b_CO15_s123,qwen3-4b-cleanv2-s123,qwen3-4b-obr-p15-s123,mean_reuse_blocks,11.15630650994575,18.654724231464737,7.498417721518987,5.558945524412296,9.469834990958407,UP
4b_CO15_s123,qwen3-4b-cleanv2-s123,qwen3-4b-obr-p15-s123,recovered_before_capture_mean,3.9074550128534704,5.028639618138425,1.1211846052849546,0.5715146802730684,1.6418454619713292,UP
4b_CO15_s123,qwen3-4b-cleanv2-s123,qwen3-4b-obr-p15-s123,orbit_given_captured,0.11568123393316196,0.1360381861575179,0.020356952224355934,-0.02102833645939467,0.06291696528582517,UNRESOLVED
4b_CO15_s123,qwen3-4b-cleanv2-s123,qwen3-4b-obr-p15-s123,stop_in_episode_share,0.3068920676202861,0.31573033707865167,0.008838269458365577,-0.00516671579581445,0.022564590431480736,UNRESOLVED
1p7b_CK_s42,qwen3-1.7b-cleanv2,qwen3-1.7b-keep4-s42,pooled_capture_hazard,0.028774453899464866,0.06007486942682298,0.031300415527358114,0.02919976154465628,0.03354496083946487,UP
1p7b_CK_s42,qwen3-1.7b-cleanv2,qwen3-1.7b-keep4-s42,pooled_gap_stop_hazard,0.040092864360294474,0.015421612319639942,-0.024671252040654533,-0.027270424511729775,-0.022250439367812503,DOWN
1p7b_CK_s42,qwen3-1.7b-cleanv2,qwen3-1.7b-keep4-s42,pooled_inepisode_stop_hazard,0.04021656034990538,0.022953979960099527,-0.017262580389805854,-0.019213713403825074,-0.015460041433573435,DOWN
1p7b_CK_s42,qwen3-1.7b-cleanv2,qwen3-1.7b-keep4-s42,cif_capture_final,0.2600263062465646,0.6087611732765427,0.3487348670299781,0.3331838949337927,0.36445967580688643,UP
1p7b_CK_s42,qwen3-1.7b-cleanv2,qwen3-1.7b-keep4-s42,cif_stop_final,0.7399736937534356,0.39123882672345733,-0.34873486702997825,-0.36445967580688693,-0.3331838949337911,DOWN
1p7b_CK_s42,qwen3-1.7b-cleanv2,qwen3-1.7b-keep4-s42,propensity_component,nan,nan,0.158357768400536,0.14665498899231424,0.17004725690194236,UP
1p7b_CK_s42,qwen3-1.7b-cleanv2,qwen3-1.7b-keep4-s42,exposure_component,nan,nan,0.1904281605906203,0.17923946745444833,0.20265925028526746,UP
1p7b_CK_s42,qwen3-1.7b-cleanv2,qwen3-1.7b-keep4-s42,decomposition_total,nan,nan,0.3487859289911563,0.33328881626518814,0.36455141897466975,UP
1p7b_CK_s42,qwen3-1.7b-cleanv2,qwen3-1.7b-keep4-s42,raw_cif_diff,nan,nan,0.3487348670299781,0.3331838949337927,0.36445967580688643,UP
1p7b_CK_s42,qwen3-1.7b-cleanv2,qwen3-1.7b-keep4-s42,capture_rate,0.25949367088607594,0.6057866184448463,0.3462929475587703,0.33080639692585895,0.36222875226039775,UP
1p7b_CK_s42,qwen3-1.7b-cleanv2,qwen3-1.7b-keep4-s42,stop_rate,0.739376130198915,0.38946654611211573,-0.3499095840867993,-0.36550632911392406,-0.3344230334538879,DOWN
1p7b_CK_s42,qwen3-1.7b-cleanv2,qwen3-1.7b-keep4-s42,censor_rate,0.0011301989150090416,0.004746835443037975,0.0036166365280289334,0.0020343580470162746,0.0054249547920434,UP
1p7b_CK_s42,qwen3-1.7b-cleanv2,qwen3-1.7b-keep4-s42,mean_episodes_experienced,9.018196202531646,10.083860759493671,1.065664556962025,0.7036533679927658,1.4186511075949368,UP
1p7b_CK_s42,qwen3-1.7b-cleanv2,qwen3-1.7b-keep4-s42,zero_episode_rate,0.08612115732368897,0.017857142857142856,-0.06826401446654612,-0.07730560578661844,-0.059561482820976494,DOWN
1p7b_CK_s42,qwen3-1.7b-cleanv2,qwen3-1.7b-keep4-s42,mean_reuse_blocks,93.312952079566,253.4126356238698,160.0996835443038,152.9314590867993,167.20505481464735,UP
1p7b_CK_s42,qwen3-1.7b-cleanv2,qwen3-1.7b-keep4-s42,recovered_before_capture_mean,11.417682926829269,9.338619402985074,-2.0790635238441943,-2.8691026175875427,-1.2830611683268576,DOWN
1p7b_CK_s42,qwen3-1.7b-cleanv2,qwen3-1.7b-keep4-s42,orbit_given_captured,0.24912891986062718,0.3763059701492537,0.12717705028862653,0.10127002782505115,0.15276827626986186,UP
1p7b_CK_s42,qwen3-1.7b-cleanv2,qwen3-1.7b-keep4-s42,stop_in_episode_share,0.49038461538461536,0.5900229357798165,0.0996383203952011,0.07769296018006985,0.1211258866543962,UP
8b_CK_s42,qwen3-8b-cleanv2,qwen3-8b-keep4-s42,pooled_capture_hazard,0.021863414296108937,0.055661124307205066,0.03379771001109613,0.03083512095179727,0.03687981793575166,UP
8b_CK_s42,qwen3-8b-cleanv2,qwen3-8b-keep4-s42,pooled_gap_stop_hazard,0.16921881296413563,0.06955209042876341,-0.09966672253537222,-0.1081725642846135,-0.09189991671978423,DOWN
8b_CK_s42,qwen3-8b-cleanv2,qwen3-8b-keep4-s42,pooled_inepisode_stop_hazard,0.08093967637988982,0.044180522565320665,-0.03675915381456915,-0.0402047667859999,-0.03320547744192607,DOWN
8b_CK_s42,qwen3-8b-cleanv2,qwen3-8b-keep4-s42,cif_capture_final,0.07134168224004653,0.3191368898103668,0.24779520757032028,0.23191885686424046,0.26382081516963873,UP
8b_CK_s42,qwen3-8b-cleanv2,qwen3-8b-keep4-s42,cif_stop_final,0.9286583177599537,0.6808631101896327,-0.24779520757032092,-0.2638208151696391,-0.23205510792836076,DOWN
8b_CK_s42,qwen3-8b-cleanv2,qwen3-8b-keep4-s42,propensity_component,nan,nan,0.11237962778125123,0.10009911953669377,0.1250512766612666,UP
8b_CK_s42,qwen3-8b-cleanv2,qwen3-8b-keep4-s42,exposure_component,nan,nan,0.1352817330631893,0.12502024750077909,0.14548971860656226,UP
8b_CK_s42,qwen3-8b-cleanv2,qwen3-8b-keep4-s42,decomposition_total,nan,nan,0.24766136084444051,0.2318845302487414,0.26371811952001883,UP
8b_CK_s42,qwen3-8b-cleanv2,qwen3-8b-keep4-s42,raw_cif_diff,nan,nan,0.24779520757032028,0.23191885686424046,0.26382081516963873,UP
8b_CK_s42,qwen3-8b-cleanv2,qwen3-8b-keep4-s42,capture_rate,0.07131555153707052,0.3178119349005425,0.24649638336347196,0.2306735985533454,0.26254520795660036,UP
8b_CK_s42,qwen3-8b-cleanv2,qwen3-8b-keep4-s42,stop_rate,0.9284584086799277,0.679249547920434,-0.24920886075949367,-0.26525768535262206,-0.2333860759493671,DOWN
8b_CK_s42,qwen3-8b-cleanv2,qwen3-8b-keep4-s42,censor_rate,0.0002260397830018083,0.002938517179023508,0.0027124773960217,0.0015822784810126582,0.003955696202531646,UP
8b_CK_s42,qwen3-8b-cleanv2,qwen3-8b-keep4-s42,mean_episodes_experienced,3.261867088607595,5.7097649186256785,2.4478978300180834,2.2731549502712474,2.622406193490054,UP
8b_CK_s42,qwen3-8b-cleanv2,qwen3-8b-keep4-s42,zero_episode_rate,0.33340867992766726,0.15415913200723327,-0.179249547920434,-0.19281193490054252,-0.16636528028933095,DOWN
8b_CK_s42,qwen3-8b-cleanv2,qwen3-8b-keep4-s42,mean_reuse_blocks,18.621609403254972,121.63471971066907,103.01311030741411,96.53457561030743,109.93945241862568,UP
8b_CK_s42,qwen3-8b-cleanv2,qwen3-8b-keep4-s42,recovered_before_capture_mean,4.832012678288431,6.373044096728307,1.541031418439876,1.0389713553636295,2.020596468134106,UP
8b_CK_s42,qwen3-8b-cleanv2,qwen3-8b-keep4-s42,orbit_given_captured,0.07131537242472266,0.19274537695590327,0.12143000453118061,0.09570766175105484,0.1450771731925408,UP
8b_CK_s42,qwen3-8b-cleanv2,qwen3-8b-keep4-s42,stop_in_episode_share,0.2842886698308385,0.37060967528164346,0.08632100545080496,0.06940447940776202,0.10330701795869073,UP
