episode_variant,capture_kind,model,episodes_experienced_bin,n_responses,share_of_model,captured,normal_stop,hit_max_censored
lineage,primary,M0,0,2434,0.2750904159132007,0,2427,7
lineage,primary,M0,1,1562,0.1765370705244123,79,1482,1
lineage,primary,M0,2,954,0.10782097649186256,54,900,0
lineage,primary,M0,3,788,0.08905967450271247,67,721,0
lineage,primary,M0,4,580,0.06555153707052441,46,534,0
lineage,primary,M0,5,459,0.05187613019891501,41,418,0
lineage,primary,M0,6-10,1262,0.14263110307414104,124,1138,0
lineage,primary,M0,11-20,693,0.07832278481012658,71,622,0
lineage,primary,M0,>20,116,0.013110307414104882,6,110,0
lineage,primary,M1,0,2080,0.23508137432188064,0,2077,3
lineage,primary,M1,1,1483,0.16760849909584086,97,1383,3
lineage,primary,M1,2,1084,0.12251356238698011,119,965,0
lineage,primary,M1,3,827,0.09346745027124774,117,710,0
lineage,primary,M1,4,660,0.07459312839059674,101,559,0
lineage,primary,M1,5,541,0.06114376130198915,76,465,0
lineage,primary,M1,6-10,1329,0.15020343580470163,225,1104,0
lineage,primary,M1,11-20,713,0.08058318264014466,114,597,2
lineage,primary,M1,>20,131,0.014805605786618445,10,119,2
lineage,legacy,M0,0,2434,0.2750904159132007,0,2427,7
lineage,legacy,M0,1,1553,0.17551989150090416,10,1533,10
lineage,legacy,M0,2,955,0.10793399638336347,9,943,3
lineage,legacy,M0,3,785,0.08872061482820977,13,767,5
lineage,legacy,M0,4,575,0.06498643761301989,3,571,1
lineage,legacy,M0,5,458,0.0517631103074141,3,452,3
lineage,legacy,M0,6-10,1252,0.141500904159132,12,1228,12
lineage,legacy,M0,11-20,702,0.07933996383363472,2,694,6
lineage,legacy,M0,>20,134,0.015144665461121157,0,129,5
lineage,legacy,M1,0,2080,0.23508137432188064,0,2077,3
lineage,legacy,M1,1,1472,0.16636528028933092,19,1446,7
lineage,legacy,M1,2,1072,0.12115732368896925,20,1043,9
lineage,legacy,M1,3,816,0.0922242314647378,17,795,4
lineage,legacy,M1,4,653,0.07380198915009041,16,624,13
lineage,legacy,M1,5,535,0.06046564195298373,10,518,7
lineage,legacy,M1,6-10,1314,0.14850813743218808,29,1266,19
lineage,legacy,M1,11-20,725,0.08193942133815552,7,704,14
lineage,legacy,M1,>20,181,0.020456600361663652,1,160,20
contiguous,primary,M0,0,2434,0.2750904159132007,0,2427,7
contiguous,primary,M0,1,1970,0.2226491862567812,126,1843,1
contiguous,primary,M0,2,1401,0.15834086799276673,119,1282,0
contiguous,primary,M0,3,1035,0.1169755877034358,101,934,0
contiguous,primary,M0,4,719,0.08126130198915009,48,671,0
contiguous,primary,M0,5,454,0.05131103074141049,36,418,0
contiguous,primary,M0,6-10,767,0.08668625678119349,56,711,0
contiguous,primary,M0,11-20,68,0.0076853526220614825,2,66,0
contiguous,primary,M0,>20,0,0.0,0,0,0
contiguous,primary,M1,0,2080,0.23508137432188064,0,2077,3
contiguous,primary,M1,1,1904,0.21518987341772153,165,1736,3
contiguous,primary,M1,2,1545,0.17461573236889694,220,1325,0
contiguous,primary,M1,3,1126,0.12726039783001808,186,940,0
contiguous,primary,M1,4,786,0.08883363471971067,94,691,1
contiguous,primary,M1,5,520,0.05877034358047016,85,435,0
contiguous,primary,M1,6-10,784,0.08860759493670886,101,681,2
contiguous,primary,M1,11-20,101,0.011415009041591321,7,93,1
contiguous,primary,M1,>20,2,0.0002260397830018083,1,1,0
contiguous,legacy,M0,0,2434,0.2750904159132007,0,2427,7
contiguous,legacy,M0,1,1962,0.22174502712477395,14,1932,16
contiguous,legacy,M0,2,1402,0.15845388788426762,16,1373,13
contiguous,legacy,M0,3,1039,0.11742766726943941,11,1019,9
contiguous,legacy,M0,4,720,0.081374321880651,3,713,4
contiguous,legacy,M0,5,454,0.05131103074141049,3,449,2
contiguous,legacy,M0,6-10,769,0.0869122965641953,4,764,1
contiguous,legacy,M0,11-20,68,0.0076853526220614825,1,67,0
contiguous,legacy,M0,>20,0,0.0,0,0,0
contiguous,legacy,M1,0,2080,0.23508137432188064,0,2077,3
contiguous,legacy,M1,1,1892,0.21383363471971067,29,1848,15
contiguous,legacy,M1,2,1544,0.17450271247739602,26,1492,26
contiguous,legacy,M1,3,1126,0.12726039783001808,29,1078,19
contiguous,legacy,M1,4,787,0.08894665461121157,9,767,11
contiguous,legacy,M1,5,529,0.0597875226039783,14,507,8
contiguous,legacy,M1,6-10,786,0.08883363471971067,11,763,12
contiguous,legacy,M1,11-20,102,0.011528028933092224,1,100,1
contiguous,legacy,M1,>20,2,0.0002260397830018083,0,1,1
