episode_variant,capture_kind,scope,metric,m0,m1,diff_or_value,ci_low,ci_high,n_m0,n_m1,direction
lineage,primary,slot,pooled_capture_hazard,0.0198744769874477,0.014928112572652186,-0.004946364414795512,-0.010077960391202323,0.0001536569348700132,nan,nan,UNRESOLVED
lineage,primary,slot,pooled_gap_stop_hazard,0.5601472053975313,0.15153874098292594,-0.4086084644146053,-0.42972806115853457,-0.38734225535015504,nan,nan,DOWN
lineage,primary,slot,pooled_inepisode_stop_hazard,0.24877963737796374,0.07684307127561946,-0.17193656610234428,-0.18499694062019484,-0.15962511195410098,nan,nan,DOWN
lineage,primary,slot,cif_capture_final,0.012889436757923657,0.05522343717257757,0.04233400041465391,0.034402722065543206,0.05053424439086488,nan,nan,UP
lineage,primary,slot,cif_stop_final,0.9871105632420762,0.9447765628274232,-0.04233400041465307,-0.050534244390865325,-0.03440272206554295,nan,nan,DOWN
lineage,primary,slot,propensity_component,nan,nan,-0.007469587779667611,-0.019063151396523915,0.0035713855075331547,nan,nan,UNRESOLVED
lineage,primary,slot,exposure_component,nan,nan,0.049779607720708274,0.041022194521773185,0.060036348319993535,nan,nan,UP
lineage,primary,slot,decomposition_total,nan,nan,0.042310019941040666,0.03438349990607269,0.050514467902402896,nan,nan,UP
lineage,primary,slot,identity_error,nan,nan,0.0,-6.938893903907228e-18,6.938893903907228e-18,nan,nan,UNRESOLVED
lineage,primary,slot,raw_cif_diff,nan,nan,0.04233400041465391,0.034402722065543206,0.05053424439086488,nan,nan,UP
lineage,primary,slot,hazard_k1,0.02109704641350211,0.012316806984720922,-0.008780239428781186,-0.015732639683304833,-0.0023786316990274934,nan,nan,DOWN
lineage,primary,slot,hazard_k2,0.020155038759689922,0.011129431162407255,-0.009025607597282667,-0.018550793054242544,0.0004315945249636738,nan,nan,UNRESOLVED
lineage,primary,slot,hazard_k3,0.022911051212938006,0.01718830169317599,-0.005722749519762017,-0.017567166316272326,0.005304310850015563,nan,nan,UNRESOLVED
lineage,primary,slot,hazard_k4,0.018691588785046728,0.014790996784565916,-0.003900592000480811,-0.018186402418724747,0.008828559778906061,nan,nan,UNRESOLVED
lineage,primary,slot,hazard_k5,0.02066115702479339,0.016205533596837945,-0.004455623427955444,-0.02504955472547865,0.012758435876383143,nan,nan,UNRESOLVED
lineage,primary,slot,hazard_k6,0.007633587786259542,0.016417189763399325,0.008783601977139784,-0.010739657416834646,0.02065747813493866,nan,nan,UNRESOLVED
lineage,primary,slot,hazard_k7,0.0,0.019744483159117306,0.019744483159117306,0.013398223823242107,0.026479951438589326,nan,nan,UP
lineage,primary,slot,hazard_k8,0.018867924528301886,0.015239477503628448,-0.0036284470246734386,-0.04786388898021781,0.020319603887247097,nan,nan,UNRESOLVED
lineage,primary,slot,hazard_k9plus_pooled,0.006369426751592357,0.016679076693968727,0.01030964994237637,-0.00801153575961467,0.019623587896328988,nan,nan,UNRESOLVED
lineage,primary,slot,cif_capture_at_k1,0.006216094032549728,0.008938315737894784,0.002722221705345056,-9.583633711281818e-05,0.005436844281461611,nan,nan,UNRESOLVED
lineage,primary,slot,cif_capture_at_k2,0.009156889131867053,0.01504930976594581,0.005892420634078757,0.002034266023180371,0.009845480699986791,nan,nan,UP
lineage,primary,slot,cif_capture_at_k3,0.011079716696805304,0.022631469022972084,0.01155175232616678,0.006893711064576274,0.016438330168507844,nan,nan,UP
lineage,primary,slot,cif_capture_at_k5,0.012550114246463967,0.03247695940149874,0.01992684515503477,0.014078699464187891,0.02613816392018515,nan,nan,UP
lineage,primary,slot,cif_capture_at_k8,0.01277632925410376,0.04254878289217543,0.02977245363807167,0.023191988078624312,0.03684822673103101,nan,nan,UP
lineage,primary,response,capture_rate,0.012884267631103074,0.05515370705244123,0.04226943942133815,0.03435804701627486,0.05040969710669074,8848,8848,UP
lineage,primary,response,stop_rate,0.987002712477396,0.9439421338155516,-0.04306057866184443,-0.0511980108499096,-0.035036166365280286,8848,8848,DOWN
lineage,primary,response,censor_rate,0.00011301989150090416,0.0009041591320072332,0.0007911392405063291,0.0,0.0018083182640144665,8848,8848,UNRESOLVED
lineage,primary,response,stable_orbit_rate,0.0003390596745027125,0.00599005424954792,0.005650994575045208,0.0037296564195298375,0.007685352622061483,8848,8848,UP
lineage,primary,response,mean_episodes_experienced,0.6482820976491862,3.694620253164557,3.046338155515371,2.847267744122966,3.241079905063291,8848,8848,UP
lineage,primary,response,zero_episode_rate,0.7053571428571429,0.2750904159132007,-0.4302667269439422,-0.4489150090415913,-0.41105334538878846,8848,8848,DOWN
lineage,primary,response,mean_reuse_blocks,1.5948236889692586,12.575384267631103,10.980560578661844,9.489833860759493,12.502845275768536,8848,8848,UP
lineage,primary,response,captured_episode_ordinal_mean,2.0964912280701755,5.870901639344262,3.7744104112740864,3.1552412282279043,4.383362552357474,114,488,UP
lineage,primary,response,recovered_before_capture_mean,1.0964912280701755,4.870901639344262,3.7744104112740864,3.1552412282279043,4.383362552357474,114,488,UP
lineage,primary,response,capture_in_first_episode_rate,0.4824561403508772,0.16188524590163936,-0.3205708944492378,-0.4156717681233398,-0.22639735973803554,114,488,DOWN
lineage,primary,response,orbit_given_captured,0.017543859649122806,0.10655737704918032,0.08901351740005752,0.04231526676054015,0.13114754098360656,114,488,UP
lineage,primary,response,orbit_given_uncaptured,0.0001144950767117014,0.00011961722488038278,5.122148168681381e-06,-0.00034309240622140897,0.0003586800573888092,8734,8360,UNRESOLVED
lineage,primary,response,stop_in_episode_share,0.1633844744675979,0.3004784688995215,0.1370939944319236,0.12029200087991133,0.15331590283397473,8734,8360,UP
lineage,primary,response,capture_first_episode_after_last_new_rate,0.7631578947368421,0.514344262295082,-0.24881363244176014,-0.3432164652900257,-0.1435116996374423,114,488,DOWN
lineage,legacy,slot,pooled_capture_hazard,0.0003469210754553339,0.0015461925009663702,0.0011992714255110364,0.00028616225003736756,0.001960964767537664,nan,nan,UP
lineage,legacy,slot,pooled_gap_stop_hazard,0.5590731819224593,0.14803464694559823,-0.41103853497686105,-0.4321772229156471,-0.39023065201731577,nan,nan,DOWN
lineage,legacy,slot,pooled_inepisode_stop_hazard,0.2660884648742411,0.08620023192887515,-0.17988823294536593,-0.19370923979544669,-0.16651613870305265,nan,nan,DOWN
lineage,legacy,slot,cif_capture_final,0.00022621460108610979,0.00590546554879942,0.005679250947713311,0.0037468715884387445,0.00782745706868064,nan,nan,UP
lineage,legacy,slot,cif_stop_final,0.9997737853989137,0.9940945344512011,-0.0056792509477126,-0.00796593366828397,-0.0038557935404958527,nan,nan,DOWN
lineage,legacy,slot,propensity_component,nan,nan,0.0027707985721612074,0.0008512886448602572,0.00439250661437192,nan,nan,UP
lineage,legacy,slot,exposure_component,nan,nan,0.0029106547642902855,0.0018192381332111883,0.004260997428668717,nan,nan,UP
lineage,legacy,slot,decomposition_total,nan,nan,0.005681453336451493,0.003747003278701626,0.007831948528471211,nan,nan,UP
lineage,legacy,slot,identity_error,nan,nan,0.0,-8.673617379884035e-19,8.673617379884035e-19,nan,nan,UNRESOLVED
lineage,legacy,slot,raw_cif_diff,nan,nan,0.005679250947713311,0.0037468715884387445,0.00782745706868064,nan,nan,UP
lineage,legacy,slot,hazard_k1,0.0,0.0015590894917368258,0.0015590894917368258,0.0006201478310070312,0.002693709396292188,nan,nan,UP
lineage,legacy,slot,hazard_k2,0.0007733952049497294,0.0018514708907632176,0.0010780756858134882,-0.0010028910110198965,0.00284000224597654,nan,nan,UNRESOLVED
lineage,legacy,slot,hazard_k3,0.0013404825737265416,0.0033282130056323605,0.001987730431905819,-0.0014939200499137035,0.004923587230056484,nan,nan,UNRESOLVED
lineage,legacy,slot,hazard_k4,0.0,0.0009612303748798462,0.0009612303748798462,0.0,0.00218002320683088,nan,nan,UNRESOLVED
lineage,legacy,slot,hazard_k5,0.0,0.001178318931657502,0.001178318931657502,0.0,0.0027216438829315856,nan,nan,UNRESOLVED
lineage,legacy,slot,hazard_k6,0.0,0.0023946360153256703,0.0023946360153256703,0.00048214266645433363,0.004748507423257777,nan,nan,UP
lineage,legacy,slot,hazard_k7,0.0,0.002871912693854107,0.002871912693854107,0.0005837711617046118,0.005707844049975355,nan,nan,UP
lineage,legacy,slot,hazard_k8,0.0,0.000715307582260372,0.000715307582260372,0.0,0.0022901638770221992,nan,nan,UNRESOLVED
lineage,legacy,slot,hazard_k9plus_pooled,0.0,0.00039703546850185283,0.00039703546850185283,0.0,0.0009078058392583768,nan,nan,UNRESOLVED
lineage,legacy,slot,cif_capture_at_k1,0.0,0.0011314323718854158,0.0011314323718854158,0.00045243236316021187,0.0019249627579482661,nan,nan,UP
lineage,legacy,slot,cif_capture_at_k2,0.00011310730054305489,0.0021514386339702212,0.0020383313334271665,0.0010199035739213644,0.003168155001049712,nan,nan,UP
lineage,legacy,slot,cif_capture_at_k3,0.00022621460108610979,0.003625750742053551,0.003399536140967441,0.00203818926077988,0.004873822189561211,nan,nan,UP
lineage,legacy,slot,cif_capture_at_k5,0.00022621460108610979,0.004307276337513037,0.004081061736426928,0.002495392014732608,0.005782650462037497,nan,nan,UP
lineage,legacy,slot,cif_capture_at_k8,0.00022621460108610979,0.005560563346522722,0.005334348745436613,0.003528080771632492,0.007263155359948628,nan,nan,UP
lineage,legacy,response,capture_rate,0.0002260397830018083,0.005877034358047016,0.005650994575045208,0.0037296564195298375,0.007798372513562387,8848,8848,UP
lineage,legacy,response,stop_rate,0.9996609403254972,0.9882459312839059,-0.011415009041591317,-0.01457956600361665,-0.008476491862567825,8848,8848,DOWN
lineage,legacy,response,censor_rate,0.00011301989150090416,0.005877034358047016,0.005764014466546112,0.0038426763110307417,0.007801198010849869,8848,8848,UP
lineage,legacy,response,stable_orbit_rate,0.0003390596745027125,0.00599005424954792,0.005650994575045208,0.003729656419529837,0.007798372513562387,8848,8848,UP
lineage,legacy,response,mean_episodes_experienced,0.6515596745027125,3.800971971066908,3.1494122965641953,2.9279922016274864,3.370953887884267,8848,8848,UP
lineage,legacy,response,zero_episode_rate,0.7053571428571429,0.2750904159132007,-0.4302667269439422,-0.44880198915009034,-0.4118444846292948,8848,8848,DOWN
lineage,legacy,response,mean_reuse_blocks,1.5948236889692586,12.575384267631103,10.980560578661844,9.481800971971067,12.591257911392404,8848,8848,UP
lineage,legacy,response,captured_episode_ordinal_mean,2.5,3.923076923076923,1.423076923076923,0.6526075619295959,2.2168463611859837,2,52,UP
lineage,legacy,response,recovered_before_capture_mean,1.5,2.923076923076923,1.423076923076923,0.6526075619295959,2.216846361185983,2,52,UP
lineage,legacy,response,capture_in_first_episode_rate,0.0,0.19230769230769232,0.19230769230769232,0.0834039548022599,0.3076923076923077,2,52,UP
lineage,legacy,response,orbit_given_captured,1.0,1.0,0.0,0.0,0.0,2,52,UNRESOLVED
lineage,legacy,response,orbit_given_uncaptured,0.00011304544426859598,0.00011368804001819008,6.425957495941048e-07,-0.0003390596745027125,0.00034102624486138716,8846,8796,UNRESOLVED
lineage,legacy,response,stop_in_episode_share,0.17341171150802623,0.3345839017735334,0.1611721902655072,0.1441239012641321,0.17897893488768726,8846,8796,UP
lineage,legacy,response,capture_first_episode_after_last_new_rate,0.0,0.7307692307692307,0.7307692307692307,0.6123144712430427,0.8444097222222221,2,52,UP
contiguous,primary,slot,pooled_capture_hazard,0.028210838901262063,0.025170208376315246,-0.0030406305249468177,-0.010583774947872169,0.004218757745543879,nan,nan,UNRESOLVED
contiguous,primary,slot,pooled_gap_stop_hazard,0.6438138879097638,0.23141543826279917,-0.4123984496469646,-0.4305861268744828,-0.39500379824167875,nan,nan,DOWN
contiguous,primary,slot,pooled_inepisode_stop_hazard,0.35313041326404354,0.1295646791829998,-0.22356573408104374,-0.2398780258166314,-0.20779887797639643,nan,nan,DOWN
contiguous,primary,slot,cif_capture_final,0.012889707091121833,0.055223116186321135,0.0423334090951993,0.03442108709719965,0.050431768033070215,nan,nan,UP
contiguous,primary,slot,cif_stop_final,0.987110292908878,0.944776883813679,-0.042333409095199004,-0.05043176803307002,-0.03442108709719957,nan,nan,DOWN
contiguous,primary,slot,propensity_component,nan,nan,-0.010692272501311,-0.024302214528874,0.002897579174254546,nan,nan,UNRESOLVED
contiguous,primary,slot,exposure_component,nan,nan,0.05301171041587549,0.041435118869550806,0.06467790432663878,nan,nan,UP
contiguous,primary,slot,decomposition_total,nan,nan,0.04231943791456449,0.03441189649129837,0.05041231732375255,nan,nan,UP
contiguous,primary,slot,identity_error,nan,nan,0.0,-6.938893903907228e-18,6.938893903907228e-18,nan,nan,UNRESOLVED
contiguous,primary,slot,raw_cif_diff,nan,nan,0.0423334090951993,0.03442108709719965,0.050431768033070215,nan,nan,UP
contiguous,primary,slot,hazard_k1,0.026467203682393557,0.019644527595884004,-0.006822676086509553,-0.015388114285289661,0.0012125268251895077,nan,nan,UNRESOLVED
contiguous,primary,slot,hazard_k2,0.034224598930481284,0.02677767776777678,-0.007446921162704505,-0.02274267711072567,0.006332362310486925,nan,nan,UNRESOLVED
contiguous,primary,slot,hazard_k3,0.02710843373493976,0.03319093000328623,0.006082496268346473,-0.01316987103717898,0.023704448735615346,nan,nan,UNRESOLVED
contiguous,primary,slot,hazard_k4,0.020618556701030927,0.02390438247011952,0.003285825769088594,-0.028863681370277477,0.027093537760001528,nan,nan,UNRESOLVED
contiguous,primary,slot,hazard_k5,0.02857142857142857,0.027928626842513578,-0.0006428017289149927,-0.05471275261045764,0.03695154469675595,nan,nan,UNRESOLVED
contiguous,primary,slot,hazard_k6,0.0,0.026347305389221556,0.026347305389221556,0.01641410440868237,0.03728129552219899,nan,nan,UP
contiguous,primary,slot,hazard_k7,0.0,0.03409090909090909,0.03409090909090909,0.01855287569573284,0.05242953006445293,nan,nan,UP
contiguous,primary,slot,hazard_k8,0.14285714285714285,0.027522935779816515,-0.11533420707732633,-0.4674487888241501,0.04049949482192471,nan,nan,UNRESOLVED
contiguous,primary,slot,hazard_k9plus_pooled,0.0,0.018,0.018,0.007141583906289789,0.032266759412224975,nan,nan,UP
contiguous,primary,slot,cif_capture_at_k1,0.007798372513562386,0.014256047885756238,0.0064576753721938525,0.0029421576395197925,0.010069107074451472,nan,nan,UP
contiguous,primary,slot,cif_capture_at_k2,0.011418877102049103,0.027723122824339724,0.01630424572229062,0.010980010533152043,0.02172082557450991,nan,nan,UP
contiguous,primary,slot,cif_capture_at_k3,0.012437144017560992,0.039153161217591256,0.026716017200030265,0.019936074964690447,0.03336556072758769,nan,nan,UP
contiguous,primary,slot,cif_capture_at_k5,0.012776566322731622,0.048659331762473716,0.035882765439742094,0.02838752637916405,0.043460275736822235,nan,nan,UP
contiguous,primary,slot,cif_capture_at_k8,0.012889707091121833,0.05420459791365515,0.04131489082253332,0.03345290738512598,0.04938523699616608,nan,nan,UP
contiguous,primary,response,capture_rate,0.012884267631103074,0.05515370705244123,0.04226943942133815,0.034358047016274866,0.050406871609403256,8848,8848,UP
contiguous,primary,response,stop_rate,0.987002712477396,0.9439421338155516,-0.04306057866184443,-0.0511980108499096,-0.035146360759493615,8848,8848,DOWN
contiguous,primary,response,censor_rate,0.00011301989150090416,0.0009041591320072332,0.0007911392405063291,0.0,0.0018083182640144665,8848,8848,UNRESOLVED
contiguous,primary,response,stable_orbit_rate,0.0003390596745027125,0.00599005424954792,0.005650994575045208,0.0036166365280289334,0.007798372513562387,8848,8848,UP
contiguous,primary,response,mean_episodes_experienced,0.45671338155515373,2.1912296564195297,1.7345162748643759,1.6408199593128392,1.8310352622061483,8848,8848,UP
contiguous,primary,response,zero_episode_rate,0.7053571428571429,0.2750904159132007,-0.4302667269439422,-0.4489150090415913,-0.4118444846292948,8848,8848,DOWN
contiguous,primary,response,mean_reuse_blocks,1.5948236889692586,12.575384267631103,10.980560578661844,9.513762997287522,12.605809222423145,8848,8848,UP
contiguous,primary,response,captured_episode_ordinal_mean,1.587719298245614,2.9918032786885247,1.4040839804429106,1.0892556604184807,1.699867725336599,114,488,UP
contiguous,primary,response,recovered_before_capture_mean,0.5877192982456141,1.9918032786885247,1.4040839804429106,1.0892556604184807,1.6998677253365992,114,488,UP
contiguous,primary,response,capture_in_first_episode_rate,0.6052631578947368,0.2581967213114754,-0.3470664365832614,-0.4516576693487641,-0.24153643699354263,114,488,DOWN
contiguous,primary,response,orbit_given_captured,0.017543859649122806,0.10655737704918032,0.08901351740005752,0.04100866506388508,0.1323059346264516,114,488,UP
contiguous,primary,response,orbit_given_uncaptured,0.0001144950767117014,0.00011961722488038278,5.122148168681381e-06,-0.00034305317324185246,0.0003586800573888092,8734,8360,UNRESOLVED
contiguous,primary,response,stop_in_episode_share,0.1633844744675979,0.3004784688995215,0.1370939944319236,0.12144785720818535,0.15390093216649448,8734,8360,UP
contiguous,primary,response,capture_first_episode_after_last_new_rate,1.0,1.0,0.0,0.0,0.0,114,488,UNRESOLVED
contiguous,legacy,slot,pooled_capture_hazard,0.0004927322000492732,0.0026788934109525527,0.0021861612109032795,0.0007255188097607637,0.003429185478154094,nan,nan,UP
contiguous,legacy,slot,pooled_gap_stop_hazard,0.6429513675138511,0.23135687143761874,-0.41159449607623233,-0.4293950070072337,-0.3940068460232991,nan,nan,DOWN
contiguous,legacy,slot,pooled_inepisode_stop_hazard,0.3779255974377926,0.1493483076606048,-0.22857728977718778,-0.24582199878707992,-0.21167164377324524,nan,nan,DOWN
contiguous,legacy,slot,cif_capture_final,0.00022603978300180828,0.005912385748824141,0.0056863459658223325,0.0037483168120093086,0.007840251512637087,nan,nan,UP
contiguous,legacy,slot,cif_stop_final,0.9997739602169979,0.994087614251176,-0.0056863459658219595,-0.007840251512637314,-0.003748316812009386,nan,nan,DOWN
contiguous,legacy,slot,propensity_component,nan,nan,0.0030159733612185233,0.0014824869853890753,0.00446509338742106,nan,nan,UP
contiguous,legacy,slot,exposure_component,nan,nan,0.0026691437327221617,0.001771372094479875,0.0036138454568420786,nan,nan,UP
contiguous,legacy,slot,decomposition_total,nan,nan,0.005685117093940685,0.0037477230247208873,0.007838340718371785,nan,nan,UP
contiguous,legacy,slot,identity_error,nan,nan,0.0,-8.673617379884035e-19,8.673617379884035e-19,nan,nan,UNRESOLVED
contiguous,legacy,slot,raw_cif_diff,nan,nan,0.0056863459658223325,0.0037483168120093086,0.007840251512637087,nan,nan,UP
contiguous,legacy,slot,hazard_k1,0.0007671653241273494,0.002182725288431556,0.0014155599643042066,-0.0007793831454070909,0.003224806203833291,nan,nan,UNRESOLVED
contiguous,legacy,slot,hazard_k2,0.0,0.0035938903863432167,0.0035938903863432167,0.0018357044515832951,0.005509144921862066,nan,nan,UP
contiguous,legacy,slot,hazard_k3,0.0,0.0036065573770491803,0.0036065573770491803,0.0013486176668914363,0.006258234519104084,nan,nan,UP
contiguous,legacy,slot,hazard_k4,0.0,0.0014917951268025858,0.0014917951268025858,0.0,0.0033303337358667868,nan,nan,UNRESOLVED
contiguous,legacy,slot,hazard_k5,0.0,0.0023237800154918666,0.0023237800154918666,0.0,0.005311178207702934,nan,nan,UNRESOLVED
contiguous,legacy,slot,hazard_k6,0.0,0.0035842293906810036,0.0035842293906810036,0.0,0.00826495183138539,nan,nan,UNRESOLVED
contiguous,legacy,slot,hazard_k7,0.0,0.0,0.0,0.0,0.0,nan,nan,UNRESOLVED
contiguous,legacy,slot,hazard_k8,0.0,0.0,0.0,0.0,0.0,nan,nan,UNRESOLVED
contiguous,legacy,slot,hazard_k9plus_pooled,0.0,0.004,0.004,0.0,0.01036055771758459,nan,nan,UNRESOLVED
contiguous,legacy,slot,cif_capture_at_k1,0.00022603978300180828,0.0015840053206395818,0.0013579655376377735,0.0003411516527795354,0.002376021502053418,nan,nan,UP
contiguous,legacy,slot,cif_capture_at_k2,0.00022603978300180828,0.0033993126788389415,0.003173272895837133,0.0018123967971830546,0.004640355756260555,nan,nan,UP
contiguous,legacy,slot,cif_capture_at_k3,0.00022603978300180828,0.00465155168882571,0.004425511905823902,0.0026207257760522042,0.006349443622554809,nan,nan,UP
contiguous,legacy,slot,cif_capture_at_k5,0.00022603978300180828,0.00533793356994969,0.005111893786947882,0.003291088128213076,0.007155400053468603,nan,nan,UP
contiguous,legacy,slot,cif_capture_at_k8,0.00022603978300180828,0.005682247148880666,0.005456207365878858,0.003529711325767755,0.007499764071116168,nan,nan,UP
contiguous,legacy,response,capture_rate,0.0002260397830018083,0.005877034358047016,0.005650994575045208,0.0037296564195298375,0.007798372513562387,8848,8848,UP
contiguous,legacy,response,stop_rate,0.9996609403254972,0.9882459312839059,-0.011415009041591317,-0.01457956600361665,-0.008476491862567825,8848,8848,DOWN
contiguous,legacy,response,censor_rate,0.00011301989150090416,0.005877034358047016,0.005764014466546112,0.0038426763110307417,0.007914217902350773,8848,8848,UP
contiguous,legacy,response,stable_orbit_rate,0.0003390596745027125,0.00599005424954792,0.005650994575045208,0.0037296564195298375,0.007798372513562387,8848,8848,UP
contiguous,legacy,response,mean_episodes_experienced,0.45874773960216997,2.1938291139240507,1.7350813743218807,1.6408143083182638,1.831846179927667,8848,8848,UP
contiguous,legacy,response,zero_episode_rate,0.7053571428571429,0.2750904159132007,-0.4302667269439422,-0.4486889692585895,-0.41195750452079566,8848,8848,DOWN
contiguous,legacy,response,mean_reuse_blocks,1.5948236889692586,12.575384267631103,10.980560578661844,9.499033679927667,12.542207278481012,8848,8848,UP
contiguous,legacy,response,captured_episode_ordinal_mean,1.0,2.7884615384615383,1.7884615384615383,1.2421171171171173,2.4597027027027027,2,52,UP
contiguous,legacy,response,recovered_before_capture_mean,0.0,1.7884615384615385,1.7884615384615385,1.242117117117117,2.4597027027027027,2,52,UP
contiguous,legacy,response,capture_in_first_episode_rate,1.0,0.2692307692307692,-0.7307692307692308,-0.8461538461538461,-0.607843137254902,2,52,DOWN
contiguous,legacy,response,orbit_given_captured,1.0,1.0,0.0,0.0,0.0,2,52,UNRESOLVED
contiguous,legacy,response,orbit_given_uncaptured,0.00011304544426859598,0.00011368804001819008,6.425957495941048e-07,-0.0003390596745027125,0.00034094783498124785,8846,8796,UNRESOLVED
contiguous,legacy,response,stop_in_episode_share,0.17341171150802623,0.3345839017735334,0.1611721902655072,0.14389796027921906,0.17933637803599106,8846,8796,UP
contiguous,legacy,response,capture_first_episode_after_last_new_rate,1.0,1.0,0.0,0.0,0.0,2,52,UNRESOLVED
