episode_variant,capture_kind,model,episode_ordinal,gap_at_risk,gap_stop_events,gap_censored,gap_stop_hazard,episodes_started,capture_events,inepisode_stop_events,inepisode_censored,capture_hazard_given_episode,capture_cif_after_episode,stop_cif_after_episode,event_free_survival
lineage,primary,M0,1,8848,2427,7,0.2742992766726944,6414,79,264,0,0.012316806984720922,0.008938315737894784,0.3041690912904694,0.6868925929716359
lineage,primary,M0,2,6071,1218,1,0.2006259265359908,4852,54,251,0,0.011129431162407255,0.01504930976594581,0.4703823597609428,0.5145683304731113
lineage,primary,M0,3,4547,649,0,0.14273147129975808,3898,67,277,0,0.01718830169317599,0.022631469022972084,0.5751745906864104,0.4021939402906175
lineage,primary,M0,4,3554,444,0,0.12492965672481711,3110,46,229,0,0.014790996784565916,0.027837130602422957,0.6513356829248982,0.3208271864726788
lineage,primary,M0,5,2835,305,0,0.10758377425044091,2530,41,202,0,0.016205533596837945,0.03247695940149874,0.7087111268549328,0.25881191374356843
lineage,primary,M0,6,2287,216,0,0.0944468736335811,2071,34,190,0,0.016417189763399325,0.036324622308049385,0.7546567486213904,0.2090186290705601
lineage,primary,M0,7,1847,125,0,0.0676773145641581,1722,34,184,0,0.019744483159117306,0.040172285214600034,0.7896252144485713,0.17020250033682857
lineage,primary,M0,8,1504,126,0,0.08377659574468085,1378,21,138,0,0.015239477503628448,0.04254878289217543,0.8195011852523763,0.13795003185544816
lineage,primary,M0,9,1219,68,0,0.05578342904019688,1151,16,120,0,0.013900955690703735,0.044359447789375735,0.8407764977944798,0.11486405441614429
lineage,primary,M0,10,1015,50,0,0.04926108374384237,965,19,105,0,0.019689119170984457,0.0465096123548011,0.8583173139861078,0.09517307365909099
lineage,primary,M0,11,841,32,0,0.03804994054696789,809,11,82,0,0.013597033374536464,0.04775444447162631,0.87121830137866,0.08102725414971361
lineage,primary,M0,12,716,40,0,0.055865921787709494,676,20,71,0,0.029585798816568046,0.05001777559312669,0.8837797891029872,0.06620243530388613
lineage,primary,M0,13,585,28,0,0.04786324786324787,557,10,60,0,0.017953321364452424,0.05114944115387688,0.8937384460375888,0.05511211280853426
lineage,primary,M0,14,487,22,0,0.045174537987679675,465,2,46,0,0.004301075268817204,0.05137577426602692,0.9014337718506901,0.047190453883282926
lineage,primary,M0,15,417,12,0,0.02877697841726619,405,5,61,0,0.012345679012345678,0.051941607046402015,0.9096949304441664,0.03836346250943144
lineage,primary,M0,16,339,17,0,0.05014749262536873,322,4,46,0,0.012422360248447204,0.05239427327070209,0.9168244234768926,0.030781303252405166
lineage,primary,M0,17,272,6,0,0.022058823529411766,266,5,42,0,0.018796992481203006,0.052960106051077184,0.9222564181684936,0.02478347578042916
lineage,primary,M0,18,219,10,0,0.045662100456621,209,7,26,0,0.03349282296650718,0.05375227194360232,0.9263304141871942,0.019917313869203344
lineage,primary,M0,19,176,8,0,0.045454545454545456,168,1,17,0,0.005952380952380952,0.053865438499677336,0.9291595780890697,0.01697498341125285
lineage,primary,M0,20,150,6,0,0.04,144,6,18,0,0.041666666666666664,0.05454443783612745,0.9318755754348701,0.013579986729002281
lineage,primary,M0,21,120,4,0,0.03333333333333333,116,2,18,0,0.017241379310344827,0.054770770948277495,0.9343652396685205,0.010863989383201825
lineage,primary,M0,22,96,6,0,0.0625,90,1,19,0,0.011111111111111112,0.05488393750435251,0.937194403570396,0.007921658925251332
lineage,primary,M0,23,70,1,0,0.014285714285714285,69,2,8,0,0.028985507246376812,0.05511027061650255,0.9382129025750712,0.006676826808426123
lineage,primary,M0,24,59,4,0,0.06779661016949153,55,0,8,0,0.0,0.05511027061650255,0.9395709012479714,0.005318828135525894
lineage,primary,M0,25,47,3,0,0.06382978723404255,44,0,2,0,0.0,0.05511027061650255,0.9401367340283465,0.004752995355150799
lineage,primary,M0,26,42,3,0,0.07142857142857142,39,1,5,0,0.02564102564102564,0.05522343717257757,0.9410420664769468,0.0037344963504756276
lineage,primary,M0,27,33,1,0,0.030303030303030304,32,0,3,0,0.0,0.05522343717257757,0.941494732701247,0.0032818301261755517
lineage,primary,M0,28,29,2,0,0.06896551724137931,27,0,4,0,0.0,0.05522343717257757,0.942173732037697,0.002602830789725438
lineage,primary,M0,29,23,0,0,0.0,23,0,4,0,0.0,0.05522343717257757,0.9426263982619971,0.002150164565425362
lineage,primary,M0,30,19,2,0,0.10526315789473684,17,0,1,0,0.0,0.05522343717257757,0.9429658979302222,0.0018106648972003047
lineage,primary,M0,31,16,1,0,0.0625,15,0,1,0,0.0,0.05522343717257757,0.9431922310423724,0.0015843317850502668
lineage,primary,M0,32,14,1,0,0.07142857142857142,13,0,3,0,0.0,0.05522343717257757,0.9436448972666726,0.0011316655607501904
lineage,primary,M0,33,10,1,0,0.1,9,0,2,0,0.0,0.05522343717257757,0.9439843969348977,0.0007921658925251334
lineage,primary,M0,34,7,0,0,0.0,7,0,1,0,0.0,0.05522343717257757,0.9440975634909727,0.0006789993364501144
lineage,primary,M0,35,6,1,0,0.16666666666666666,5,0,0,0,0.0,0.05522343717257757,0.9442107300470478,0.0005658327803750953
lineage,primary,M0,36,5,0,0,0.0,5,0,1,0,0.0,0.05522343717257757,0.9443238966031229,0.0004526662243000763
lineage,primary,M0,37,4,0,0,0.0,4,0,1,0,0.0,0.05522343717257757,0.944437063159198,0.0003394996682250572
lineage,primary,M0,38,3,0,0,0.0,3,0,0,0,0.0,0.05522343717257757,0.944437063159198,0.0003394996682250572
lineage,primary,M0,39,3,1,0,0.3333333333333333,2,0,0,0,0.0,0.05522343717257757,0.944550229715273,0.00022633311215003817
lineage,primary,M0,40,2,0,0,0.0,2,0,1,0,0.0,0.05522343717257757,0.9446633962713481,0.00011316655607501909
lineage,primary,M0,41,1,0,0,0.0,1,0,1,0,0.0,0.05522343717257757,0.9447765628274232,0.0
lineage,primary,M0,42,0,0,0,0.0,0,0,0,0,0.0,0.05522343717257757,0.9447765628274232,0.0
lineage,primary,M0,43,0,0,0,0.0,0,0,0,0,0.0,0.05522343717257757,0.9447765628274232,0.0
lineage,primary,M0,44,0,0,0,0.0,0,0,0,0,0.0,0.05522343717257757,0.9447765628274232,0.0
lineage,primary,M0,45,0,0,0,0.0,0,0,0,0,0.0,0.05522343717257757,0.9447765628274232,0.0
lineage,primary,M0,46,0,0,0,0.0,0,0,0,0,0.0,0.05522343717257757,0.9447765628274232,0.0
lineage,primary,M0,47,0,0,0,0.0,0,0,0,0,0.0,0.05522343717257757,0.9447765628274232,0.0
lineage,primary,M0,48,0,0,0,0.0,0,0,0,0,0.0,0.05522343717257757,0.9447765628274232,0.0
lineage,primary,M0,49,0,0,0,0.0,0,0,0,0,0.0,0.05522343717257757,0.9447765628274232,0.0
lineage,primary,M0,50,0,0,0,0.0,0,0,0,0,0.0,0.05522343717257757,0.9447765628274232,0.0
lineage,primary,M0,51,0,0,0,0.0,0,0,0,0,0.0,0.05522343717257757,0.9447765628274232,0.0
lineage,primary,M0,52,0,0,0,0.0,0,0,0,0,0.0,0.05522343717257757,0.9447765628274232,0.0
lineage,primary,M0,53,0,0,0,0.0,0,0,0,0,0.0,0.05522343717257757,0.9447765628274232,0.0
lineage,primary,M0,54,0,0,0,0.0,0,0,0,0,0.0,0.05522343717257757,0.9447765628274232,0.0
lineage,primary,M0,55,0,0,0,0.0,0,0,0,0,0.0,0.05522343717257757,0.9447765628274232,0.0
lineage,primary,M0,56,0,0,0,0.0,0,0,0,0,0.0,0.05522343717257757,0.9447765628274232,0.0
lineage,primary,M0,57,0,0,0,0.0,0,0,0,0,0.0,0.05522343717257757,0.9447765628274232,0.0
lineage,primary,M0,58,0,0,0,0.0,0,0,0,0,0.0,0.05522343717257757,0.9447765628274232,0.0
lineage,primary,M0,59,0,0,0,0.0,0,0,0,0,0.0,0.05522343717257757,0.9447765628274232,0.0
lineage,primary,M0,60,0,0,0,0.0,0,0,0,0,0.0,0.05522343717257757,0.9447765628274232,0.0
lineage,primary,M0,61,0,0,0,0.0,0,0,0,0,0.0,0.05522343717257757,0.9447765628274232,0.0
lineage,primary,M0,62,0,0,0,0.0,0,0,0,0,0.0,0.05522343717257757,0.9447765628274232,0.0
lineage,primary,M0,63,0,0,0,0.0,0,0,0,0,0.0,0.05522343717257757,0.9447765628274232,0.0
lineage,primary,M0,64,0,0,0,0.0,0,0,0,0,0.0,0.05522343717257757,0.9447765628274232,0.0
lineage,primary,M0,65,0,0,0,0.0,0,0,0,0,0.0,0.05522343717257757,0.9447765628274232,0.0
lineage,primary,M0,66,0,0,0,0.0,0,0,0,0,0.0,0.05522343717257757,0.9447765628274232,0.0
lineage,primary,M0,67,0,0,0,0.0,0,0,0,0,0.0,0.05522343717257757,0.9447765628274232,0.0
lineage,primary,M0,68,0,0,0,0.0,0,0,0,0,0.0,0.05522343717257757,0.9447765628274232,0.0
lineage,primary,M1,1,8848,1832,1,0.2070524412296564,7015,63,249,0,0.008980755523877405,0.007121268168571867,0.23519840589591665,0.7576803259355115
lineage,primary,M1,2,6703,1116,0,0.16649261524690437,5587,55,313,0,0.009844281367460175,0.013338248315737782,0.3967268537195547,0.5899348979647075
lineage,primary,M1,3,5219,761,0,0.1458133742096187,4458,45,298,0,0.010094212651413189,0.01842486843614626,0.5164319805531675,0.4651431510106862
lineage,primary,M1,4,4115,479,0,0.1164034021871203,3636,43,305,0,0.011826182618261826,0.023285416551203246,0.6050522066509508,0.37166237679784603
lineage,primary,M1,5,3288,323,0,0.0982360097323601,2965,28,239,0,0.009443507588532884,0.026450424626124076,0.6685784401547189,0.3049711352191571
lineage,primary,M1,6,2698,260,0,0.09636767976278725,2438,26,219,0,0.01066447908121411,0.02938936069569342,0.7227226854364003,0.2478879538679064
lineage,primary,M1,7,2193,165,0,0.07523939808481532,2028,26,218,0,0.01282051282051282,0.03232829676526276,0.7660154744612102,0.20165622877352718
lineage,primary,M1,8,1784,135,0,0.07567264573991031,1649,7,185,0,0.004244996967859308,0.033119548783992966,0.8021869953174482,0.1646934558985589
lineage,primary,M1,9,1457,95,0,0.06520247083047358,1362,9,149,0,0.006607929515418502,0.03413687280807466,0.8297677799703297,0.1360953472215957
lineage,primary,M1,10,1204,84,0,0.06976744186046512,1120,7,134,0,0.00625,0.034928124826804866,0.8544096285536418,0.11066224661955329
lineage,primary,M1,11,979,65,0,0.06639427987742594,914,7,116,0,0.007658643326039387,0.03571937684553507,0.8748691450379514,0.08941147811651344
lineage,primary,M1,12,791,37,0,0.04677623261694058,754,4,94,0,0.005305039787798408,0.036171520856238044,0.8896768613884739,0.07415161775528802
lineage,primary,M1,13,656,34,0,0.051829268292682924,622,2,78,0,0.003215434083601286,0.036397592861589535,0.9023368936881572,0.061265513450253196
lineage,primary,M1,14,542,30,0,0.055350553505535055,512,6,54,0,0.01171875,0.037075808877644,0.9118319179129197,0.05109227320943624
lineage,primary,M1,15,452,24,0,0.05309734513274336,428,2,46,0,0.004672897196261682,0.03730188088299549,0.9197444381002219,0.04295368101678268
lineage,primary,M1,16,380,12,0,0.031578947368421054,368,0,49,0,0.0,0.03730188088299549,0.9266396342634422,0.036058484853562306
lineage,primary,M1,17,319,14,0,0.0438871473354232,305,2,46,0,0.006557377049180328,0.03752795288834698,0.9334217944239869,0.029050252687666183
lineage,primary,M1,18,257,8,0,0.0311284046692607,249,2,31,0,0.008032128514056224,0.037754024893698473,0.9378301985283409,0.024415776577960686
lineage,primary,M1,19,216,4,0,0.018518518518518517,212,2,33,0,0.009433962264150943,0.037980096899049964,0.9420125306273434,0.020007372473606674
lineage,primary,M1,20,177,6,0,0.03389830508474576,171,1,26,0,0.005847953216374269,0.03809313290172571,0.9456296827129671,0.016277184385307123
lineage,primary,M1,21,144,5,0,0.034722222222222224,139,2,14,0,0.014388489208633094,0.0383192049070772,0.9477773667638062,0.0139034283291165
lineage,primary,M1,22,123,3,0,0.024390243902439025,120,1,20,0,0.008333333333333333,0.038432240909752946,0.9503771948253483,0.011190564264898645
lineage,primary,M1,23,99,3,0,0.030303030303030304,96,1,11,0,0.010416666666666666,0.03854527691242869,0.9519596988628087,0.009495024224762488
lineage,primary,M1,24,84,1,0,0.011904761904761904,83,0,11,0,0.0,0.03854527691242869,0.9533161308949176,0.008138592192653562
lineage,primary,M1,25,72,4,0,0.05555555555555555,68,1,7,0,0.014705882352941176,0.03865831291510444,0.9545595269243508,0.006782160160544635
lineage,primary,M1,26,60,4,0,0.06666666666666667,56,0,7,0,0.0,0.03865831291510444,0.9558029229537839,0.005538764131111451
lineage,primary,M1,27,49,3,0,0.061224489795918366,46,1,7,0,0.021739130434782608,0.03877134891778018,0.9569332829805414,0.004295368101678269
lineage,primary,M1,28,38,1,0,0.02631578947368421,37,0,7,0,0.0,0.03877134891778018,0.9578375710019473,0.0033910800802723177
lineage,primary,M1,29,30,3,0,0.1,27,0,5,0,0.0,0.03877134891778018,0.9587418590233533,0.002486792058866367
lineage,primary,M1,30,22,0,0,0.0,22,0,2,0,0.0,0.03877134891778018,0.9589679310287048,0.002260720053514879
lineage,primary,M1,31,20,0,0,0.0,20,0,1,0,0.0,0.03877134891778018,0.9590809670313806,0.002147684050839135
lineage,primary,M1,32,19,1,0,0.05263157894736842,18,0,5,0,0.0,0.03877134891778018,0.959759183047435,0.0014694680347846715
lineage,primary,M1,33,13,0,0,0.0,13,0,0,0,0.0,0.03877134891778018,0.959759183047435,0.0014694680347846715
lineage,primary,M1,34,13,0,0,0.0,13,0,3,0,0.0,0.03877134891778018,0.9600982910554623,0.0011303600267574395
lineage,primary,M1,35,10,0,0,0.0,10,0,2,0,0.0,0.03877134891778018,0.9603243630608138,0.0009042880214059517
lineage,primary,M1,36,8,0,0,0.0,8,0,1,0,0.0,0.03877134891778018,0.9604373990634896,0.0007912520187302078
lineage,primary,M1,37,7,0,0,0.0,7,0,0,0,0.0,0.03877134891778018,0.9604373990634896,0.0007912520187302078
lineage,primary,M1,38,7,0,0,0.0,7,0,1,0,0.0,0.03877134891778018,0.9605504350661653,0.0006782160160544639
lineage,primary,M1,39,6,0,0,0.0,6,0,0,0,0.0,0.03877134891778018,0.9605504350661653,0.0006782160160544639
lineage,primary,M1,40,6,0,0,0.0,6,0,1,0,0.0,0.03877134891778018,0.9606634710688411,0.00056518001337872
lineage,primary,M1,41,5,0,0,0.0,5,0,0,0,0.0,0.03877134891778018,0.9606634710688411,0.00056518001337872
lineage,primary,M1,42,5,0,0,0.0,5,0,0,0,0.0,0.03877134891778018,0.9606634710688411,0.00056518001337872
lineage,primary,M1,43,5,0,0,0.0,5,0,1,0,0.0,0.03877134891778018,0.9607765070715168,0.000452144010702976
lineage,primary,M1,44,4,0,0,0.0,4,0,1,0,0.0,0.03877134891778018,0.9608895430741926,0.000339108008027232
lineage,primary,M1,45,3,0,0,0.0,3,0,0,0,0.0,0.03877134891778018,0.9608895430741926,0.000339108008027232
lineage,primary,M1,46,3,0,0,0.0,3,0,0,0,0.0,0.03877134891778018,0.9608895430741926,0.000339108008027232
lineage,primary,M1,47,3,0,0,0.0,3,0,1,0,0.0,0.03877134891778018,0.9610025790768684,0.00022607200535148804
lineage,primary,M1,48,2,1,0,0.5,1,0,0,0,0.0,0.03877134891778018,0.9611156150795441,0.00011303600267574402
lineage,primary,M1,49,1,0,0,0.0,1,0,0,0,0.0,0.03877134891778018,0.9611156150795441,0.00011303600267574402
lineage,primary,M1,50,1,0,0,0.0,1,0,0,0,0.0,0.03877134891778018,0.9611156150795441,0.00011303600267574402
lineage,primary,M1,51,1,0,0,0.0,1,0,0,0,0.0,0.03877134891778018,0.9611156150795441,0.00011303600267574402
lineage,primary,M1,52,1,0,0,0.0,1,0,0,0,0.0,0.03877134891778018,0.9611156150795441,0.00011303600267574402
lineage,primary,M1,53,1,0,0,0.0,1,0,0,0,0.0,0.03877134891778018,0.9611156150795441,0.00011303600267574402
lineage,primary,M1,54,1,0,0,0.0,1,0,0,0,0.0,0.03877134891778018,0.9611156150795441,0.00011303600267574402
lineage,primary,M1,55,1,0,0,0.0,1,0,0,0,0.0,0.03877134891778018,0.9611156150795441,0.00011303600267574402
lineage,primary,M1,56,1,0,0,0.0,1,0,0,0,0.0,0.03877134891778018,0.9611156150795441,0.00011303600267574402
lineage,primary,M1,57,1,0,0,0.0,1,0,0,0,0.0,0.03877134891778018,0.9611156150795441,0.00011303600267574402
lineage,primary,M1,58,1,0,0,0.0,1,0,0,0,0.0,0.03877134891778018,0.9611156150795441,0.00011303600267574402
lineage,primary,M1,59,1,0,0,0.0,1,0,0,0,0.0,0.03877134891778018,0.9611156150795441,0.00011303600267574402
lineage,primary,M1,60,1,0,0,0.0,1,0,0,0,0.0,0.03877134891778018,0.9611156150795441,0.00011303600267574402
lineage,primary,M1,61,1,0,0,0.0,1,0,0,0,0.0,0.03877134891778018,0.9611156150795441,0.00011303600267574402
lineage,primary,M1,62,1,0,0,0.0,1,0,0,0,0.0,0.03877134891778018,0.9611156150795441,0.00011303600267574402
lineage,primary,M1,63,1,0,0,0.0,1,0,0,0,0.0,0.03877134891778018,0.9611156150795441,0.00011303600267574402
lineage,primary,M1,64,1,0,0,0.0,1,0,0,0,0.0,0.03877134891778018,0.9611156150795441,0.00011303600267574402
lineage,primary,M1,65,1,0,0,0.0,1,0,0,0,0.0,0.03877134891778018,0.9611156150795441,0.00011303600267574402
lineage,primary,M1,66,1,0,0,0.0,1,0,0,0,0.0,0.03877134891778018,0.9611156150795441,0.00011303600267574402
lineage,primary,M1,67,1,0,0,0.0,1,0,0,0,0.0,0.03877134891778018,0.9611156150795441,0.00011303600267574402
lineage,primary,M1,68,1,1,0,1.0,0,0,0,0,0.0,0.03877134891778018,0.9612286510822199,0.0
lineage,legacy,M0,1,8848,2427,7,0.2742992766726944,6414,10,315,9,0.0015590894917368258,0.0011314323718854158,0.30993939638708495,0.6889291712410296
lineage,legacy,M0,2,6080,1218,1,0.20032894736842105,4861,9,291,3,0.0018514708907632176,0.0021514386339702212,0.48093205454727445,0.5169165068187552
lineage,legacy,M0,3,4558,652,0,0.14304519526107942,3906,13,323,5,0.0033282130056323605,0.003625750742053551,0.5915054626535242,0.40486878660442216
lineage,legacy,M0,4,3565,444,0,0.12454417952314166,3121,3,266,1,0.0009612303748798462,0.003966453788284481,0.6721385169281777,0.3238950292835377
lineage,legacy,M0,5,2851,305,0,0.10698000701508242,2546,3,234,3,0.001178318931657502,0.004307276337513037,0.7333729682729082,0.26231975538957863
lineage,legacy,M0,6,2306,218,0,0.09453599306157849,2088,5,212,5,0.0023946360153256703,0.004876052910343867,0.7822877535363596,0.21283619355329647
lineage,legacy,M0,7,1866,125,0,0.0669882100750268,1741,5,210,2,0.002871912693854107,0.0054463535361565585,0.82049789546581,0.17405575099803347
lineage,legacy,M0,8,1524,126,0,0.08267716535433071,1398,1,156,1,0.000715307582260372,0.005560563346522722,0.8527050619890681,0.14173437466440916
lineage,legacy,M0,9,1240,68,0,0.054838709677419356,1172,0,132,2,0.0,0.005560563346522722,0.8755654449994567,0.11887399165402059
lineage,legacy,M0,10,1038,50,0,0.04816955684007707,988,1,117,2,0.0010121457489878543,0.005675085496478426,0.8946906440420592,0.09963427046146234
lineage,legacy,M0,11,868,32,0,0.03686635944700461,836,0,93,2,0.0,0.005675085496478426,0.9090388972767168,0.08528601722680473
lineage,legacy,M0,12,741,40,0,0.05398110661268556,701,1,88,1,0.0014265335235378032,0.0057901813361907134,0.9237711647598895,0.0704386539039197
lineage,legacy,M0,13,611,28,0,0.04582651391162029,583,0,72,0,0.0,0.0057901813361907134,0.9352995860207601,0.058910232643049044
lineage,legacy,M0,14,511,22,0,0.043052837573385516,489,0,49,0,0.0,0.0057901813361907134,0.9434847651159783,0.050725053547830884
lineage,legacy,M0,15,440,12,0,0.02727272727272727,428,1,67,0,0.002336448598130841,0.00590546554879942,0.9525922179120662,0.04150231653913436
lineage,legacy,M0,16,360,17,0,0.04722222222222222,343,0,51,1,0.0,0.00590546554879942,0.9604315443694582,0.03366299008174231
lineage,legacy,M0,17,291,6,0,0.020618556701030927,285,0,46,0,0.0,0.00590546554879942,0.9664469240404225,0.027647610410778043
lineage,legacy,M0,18,239,10,0,0.04184100418410042,229,0,33,2,0.0,0.00590546554879942,0.9714211803067968,0.02267335414440375
lineage,legacy,M0,19,194,8,0,0.041237113402061855,186,0,18,0,0.0,0.00590546554879942,0.974459877253985,0.019634657197215615
lineage,legacy,M0,20,168,6,0,0.03571428571428571,162,0,24,0,0.0,0.00590546554879942,0.9779660660392021,0.016128468411998543
lineage,legacy,M0,21,138,4,0,0.028985507246376812,134,0,19,1,0.0,0.00590546554879942,0.9806541441078686,0.013440390343332118
lineage,legacy,M0,22,114,6,0,0.05263157894736842,108,0,21,0,0.0,0.00590546554879942,0.983837394452342,0.010257139998858723
lineage,legacy,M0,23,87,1,0,0.011494252873563218,86,0,11,0,0.0,0.00590546554879942,0.985252172383219,0.008842362067981658
lineage,legacy,M0,24,75,4,0,0.05333333333333334,71,0,8,1,0.0,0.00590546554879942,0.9866669503140961,0.0074275841371045925
lineage,legacy,M0,25,62,3,0,0.04838709677419355,59,0,3,0,0.0,0.00590546554879942,0.9873857487789772,0.0067087856722235035
lineage,legacy,M0,26,56,3,0,0.05357142857142857,53,0,7,0,0.0,0.00590546554879942,0.9885837462204458,0.005510788230755021
lineage,legacy,M0,27,46,1,0,0.021739130434782608,45,0,5,0,0.0,0.00590546554879942,0.9893025446853269,0.004791989765873931
lineage,legacy,M0,28,40,2,0,0.05,38,0,4,0,0.0,0.00590546554879942,0.990021343150208,0.004073191300992842
lineage,legacy,M0,29,34,0,0,0.0,34,0,4,0,0.0,0.00590546554879942,0.9905005421267954,0.003593992324405449
lineage,legacy,M0,30,30,2,0,0.06666666666666667,28,0,2,0,0.0,0.00590546554879942,0.9909797411033827,0.0031147933478180563
lineage,legacy,M0,31,26,1,0,0.038461538461538464,25,0,2,0,0.0,0.00590546554879942,0.9913391403358233,0.002755394115377512
lineage,legacy,M0,32,23,1,0,0.043478260869565216,22,0,4,0,0.0,0.00590546554879942,0.9919381390565576,0.00215639539464327
lineage,legacy,M0,33,18,1,0,0.05555555555555555,17,0,2,0,0.0,0.00590546554879942,0.9922975382889981,0.0017969961622027247
lineage,legacy,M0,34,15,0,0,0.0,15,0,1,0,0.0,0.00590546554879942,0.992417338033145,0.0016771964180558763
lineage,legacy,M0,35,14,1,0,0.07142857142857142,13,0,0,0,0.0,0.00590546554879942,0.9925371377772919,0.0015573966739090281
lineage,legacy,M0,36,13,0,0,0.0,13,0,2,0,0.0,0.00590546554879942,0.9927767372655856,0.0013177971856153316
lineage,legacy,M0,37,11,0,0,0.0,11,0,4,0,0.0,0.00590546554879942,0.993255936242173,0.0008385982090279383
lineage,legacy,M0,38,7,0,0,0.0,7,0,0,0,0.0,0.00590546554879942,0.993255936242173,0.0008385982090279383
lineage,legacy,M0,39,7,1,0,0.14285714285714285,6,0,0,0,0.0,0.00590546554879942,0.9933757359863199,0.00071879846488109
lineage,legacy,M0,40,6,0,0,0.0,6,0,1,0,0.0,0.00590546554879942,0.9934955357304668,0.0005989987207342417
lineage,legacy,M0,41,5,0,0,0.0,5,0,1,0,0.0,0.00590546554879942,0.9936153354746137,0.0004791989765873934
lineage,legacy,M0,42,4,0,0,0.0,4,0,0,0,0.0,0.00590546554879942,0.9936153354746137,0.0004791989765873934
lineage,legacy,M0,43,4,0,0,0.0,4,0,0,0,0.0,0.00590546554879942,0.9936153354746137,0.0004791989765873934
lineage,legacy,M0,44,4,0,0,0.0,4,0,0,0,0.0,0.00590546554879942,0.9936153354746137,0.0004791989765873934
lineage,legacy,M0,45,4,0,0,0.0,4,0,0,0,0.0,0.00590546554879942,0.9936153354746137,0.0004791989765873934
lineage,legacy,M0,46,4,0,0,0.0,4,0,0,0,0.0,0.00590546554879942,0.9936153354746137,0.0004791989765873934
lineage,legacy,M0,47,4,0,0,0.0,4,0,0,1,0.0,0.00590546554879942,0.9936153354746137,0.0004791989765873934
lineage,legacy,M0,48,3,0,0,0.0,3,0,0,0,0.0,0.00590546554879942,0.9936153354746137,0.0004791989765873934
lineage,legacy,M0,49,3,0,0,0.0,3,0,0,0,0.0,0.00590546554879942,0.9936153354746137,0.0004791989765873934
lineage,legacy,M0,50,3,0,0,0.0,3,0,0,0,0.0,0.00590546554879942,0.9936153354746137,0.0004791989765873934
lineage,legacy,M0,51,3,0,0,0.0,3,0,0,0,0.0,0.00590546554879942,0.9936153354746137,0.0004791989765873934
lineage,legacy,M0,52,3,0,0,0.0,3,0,0,0,0.0,0.00590546554879942,0.9936153354746137,0.0004791989765873934
lineage,legacy,M0,53,3,0,0,0.0,3,0,0,0,0.0,0.00590546554879942,0.9936153354746137,0.0004791989765873934
lineage,legacy,M0,54,3,0,0,0.0,3,0,0,0,0.0,0.00590546554879942,0.9936153354746137,0.0004791989765873934
lineage,legacy,M0,55,3,0,0,0.0,3,0,0,0,0.0,0.00590546554879942,0.9936153354746137,0.0004791989765873934
lineage,legacy,M0,56,3,0,0,0.0,3,0,0,0,0.0,0.00590546554879942,0.9936153354746137,0.0004791989765873934
lineage,legacy,M0,57,3,0,0,0.0,3,0,0,0,0.0,0.00590546554879942,0.9936153354746137,0.0004791989765873934
lineage,legacy,M0,58,3,0,0,0.0,3,0,0,0,0.0,0.00590546554879942,0.9936153354746137,0.0004791989765873934
lineage,legacy,M0,59,3,0,0,0.0,3,0,0,0,0.0,0.00590546554879942,0.9936153354746137,0.0004791989765873934
lineage,legacy,M0,60,3,0,0,0.0,3,0,0,0,0.0,0.00590546554879942,0.9936153354746137,0.0004791989765873934
lineage,legacy,M0,61,3,0,0,0.0,3,0,0,0,0.0,0.00590546554879942,0.9936153354746137,0.0004791989765873934
lineage,legacy,M0,62,3,0,0,0.0,3,0,0,0,0.0,0.00590546554879942,0.9936153354746137,0.0004791989765873934
lineage,legacy,M0,63,3,0,0,0.0,3,0,0,0,0.0,0.00590546554879942,0.9936153354746137,0.0004791989765873934
lineage,legacy,M0,64,3,0,0,0.0,3,0,0,0,0.0,0.00590546554879942,0.9936153354746137,0.0004791989765873934
lineage,legacy,M0,65,3,0,0,0.0,3,0,0,0,0.0,0.00590546554879942,0.9936153354746137,0.0004791989765873934
lineage,legacy,M0,66,3,0,0,0.0,3,0,0,0,0.0,0.00590546554879942,0.9936153354746137,0.0004791989765873934
lineage,legacy,M0,67,3,0,0,0.0,3,0,0,0,0.0,0.00590546554879942,0.9936153354746137,0.0004791989765873934
lineage,legacy,M0,68,3,0,0,0.0,3,0,0,0,0.0,0.00590546554879942,0.9936153354746137,0.0004791989765873934
lineage,legacy,M0,69,3,0,0,0.0,3,0,0,0,0.0,0.00590546554879942,0.9936153354746137,0.0004791989765873934
lineage,legacy,M0,70,3,0,0,0.0,3,0,0,0,0.0,0.00590546554879942,0.9936153354746137,0.0004791989765873934
lineage,legacy,M0,71,3,0,0,0.0,3,0,0,0,0.0,0.00590546554879942,0.9936153354746137,0.0004791989765873934
lineage,legacy,M0,72,3,0,0,0.0,3,0,0,0,0.0,0.00590546554879942,0.9936153354746137,0.0004791989765873934
lineage,legacy,M0,73,3,0,0,0.0,3,0,0,0,0.0,0.00590546554879942,0.9936153354746137,0.0004791989765873934
lineage,legacy,M0,74,3,0,0,0.0,3,0,0,0,0.0,0.00590546554879942,0.9936153354746137,0.0004791989765873934
lineage,legacy,M0,75,3,0,0,0.0,3,0,0,0,0.0,0.00590546554879942,0.9936153354746137,0.0004791989765873934
lineage,legacy,M0,76,3,0,0,0.0,3,0,0,0,0.0,0.00590546554879942,0.9936153354746137,0.0004791989765873934
lineage,legacy,M0,77,3,0,0,0.0,3,0,0,0,0.0,0.00590546554879942,0.9936153354746137,0.0004791989765873934
lineage,legacy,M0,78,3,0,0,0.0,3,0,0,0,0.0,0.00590546554879942,0.9936153354746137,0.0004791989765873934
lineage,legacy,M0,79,3,0,0,0.0,3,0,0,0,0.0,0.00590546554879942,0.9936153354746137,0.0004791989765873934
lineage,legacy,M0,80,3,0,0,0.0,3,0,0,0,0.0,0.00590546554879942,0.9936153354746137,0.0004791989765873934
lineage,legacy,M0,81,3,0,0,0.0,3,0,0,0,0.0,0.00590546554879942,0.9936153354746137,0.0004791989765873934
lineage,legacy,M0,82,3,0,0,0.0,3,0,0,0,0.0,0.00590546554879942,0.9936153354746137,0.0004791989765873934
lineage,legacy,M0,83,3,0,0,0.0,3,0,0,1,0.0,0.00590546554879942,0.9936153354746137,0.0004791989765873934
lineage,legacy,M0,84,2,0,0,0.0,2,0,0,0,0.0,0.00590546554879942,0.9936153354746137,0.0004791989765873934
lineage,legacy,M0,85,2,0,0,0.0,2,0,0,0,0.0,0.00590546554879942,0.9936153354746137,0.0004791989765873934
lineage,legacy,M0,86,2,0,0,0.0,2,0,0,0,0.0,0.00590546554879942,0.9936153354746137,0.0004791989765873934
lineage,legacy,M0,87,2,0,0,0.0,2,0,0,0,0.0,0.00590546554879942,0.9936153354746137,0.0004791989765873934
lineage,legacy,M0,88,2,0,0,0.0,2,0,0,0,0.0,0.00590546554879942,0.9936153354746137,0.0004791989765873934
lineage,legacy,M0,89,2,0,0,0.0,2,0,0,0,0.0,0.00590546554879942,0.9936153354746137,0.0004791989765873934
lineage,legacy,M0,90,2,0,0,0.0,2,0,0,0,0.0,0.00590546554879942,0.9936153354746137,0.0004791989765873934
lineage,legacy,M0,91,2,0,0,0.0,2,0,0,0,0.0,0.00590546554879942,0.9936153354746137,0.0004791989765873934
lineage,legacy,M0,92,2,0,0,0.0,2,0,0,0,0.0,0.00590546554879942,0.9936153354746137,0.0004791989765873934
lineage,legacy,M0,93,2,0,0,0.0,2,0,0,0,0.0,0.00590546554879942,0.9936153354746137,0.0004791989765873934
lineage,legacy,M0,94,2,0,0,0.0,2,0,0,0,0.0,0.00590546554879942,0.9936153354746137,0.0004791989765873934
lineage,legacy,M0,95,2,0,0,0.0,2,0,0,0,0.0,0.00590546554879942,0.9936153354746137,0.0004791989765873934
lineage,legacy,M0,96,2,0,0,0.0,2,0,0,0,0.0,0.00590546554879942,0.9936153354746137,0.0004791989765873934
lineage,legacy,M0,97,2,0,0,0.0,2,0,0,0,0.0,0.00590546554879942,0.9936153354746137,0.0004791989765873934
lineage,legacy,M0,98,2,0,0,0.0,2,0,0,0,0.0,0.00590546554879942,0.9936153354746137,0.0004791989765873934
lineage,legacy,M0,99,2,0,0,0.0,2,0,0,0,0.0,0.00590546554879942,0.9936153354746137,0.0004791989765873934
lineage,legacy,M0,100,2,0,0,0.0,2,0,0,0,0.0,0.00590546554879942,0.9936153354746137,0.0004791989765873934
lineage,legacy,M0,101,2,0,0,0.0,2,0,0,0,0.0,0.00590546554879942,0.9936153354746137,0.0004791989765873934
lineage,legacy,M0,102,2,0,0,0.0,2,0,0,0,0.0,0.00590546554879942,0.9936153354746137,0.0004791989765873934
lineage,legacy,M0,103,2,0,0,0.0,2,0,0,0,0.0,0.00590546554879942,0.9936153354746137,0.0004791989765873934
lineage,legacy,M0,104,2,0,0,0.0,2,0,0,0,0.0,0.00590546554879942,0.9936153354746137,0.0004791989765873934
lineage,legacy,M0,105,2,0,0,0.0,2,0,0,0,0.0,0.00590546554879942,0.9936153354746137,0.0004791989765873934
lineage,legacy,M0,106,2,0,0,0.0,2,0,0,0,0.0,0.00590546554879942,0.9936153354746137,0.0004791989765873934
lineage,legacy,M0,107,2,0,0,0.0,2,0,0,0,0.0,0.00590546554879942,0.9936153354746137,0.0004791989765873934
lineage,legacy,M0,108,2,0,0,0.0,2,0,0,0,0.0,0.00590546554879942,0.9936153354746137,0.0004791989765873934
lineage,legacy,M0,109,2,0,0,0.0,2,0,0,0,0.0,0.00590546554879942,0.9936153354746137,0.0004791989765873934
lineage,legacy,M0,110,2,0,0,0.0,2,0,0,0,0.0,0.00590546554879942,0.9936153354746137,0.0004791989765873934
lineage,legacy,M0,111,2,0,0,0.0,2,0,0,0,0.0,0.00590546554879942,0.9936153354746137,0.0004791989765873934
lineage,legacy,M0,112,2,0,0,0.0,2,0,0,0,0.0,0.00590546554879942,0.9936153354746137,0.0004791989765873934
lineage,legacy,M0,113,2,0,0,0.0,2,0,0,0,0.0,0.00590546554879942,0.9936153354746137,0.0004791989765873934
lineage,legacy,M0,114,2,0,0,0.0,2,0,0,0,0.0,0.00590546554879942,0.9936153354746137,0.0004791989765873934
lineage,legacy,M0,115,2,0,0,0.0,2,0,0,0,0.0,0.00590546554879942,0.9936153354746137,0.0004791989765873934
lineage,legacy,M0,116,2,0,0,0.0,2,0,0,0,0.0,0.00590546554879942,0.9936153354746137,0.0004791989765873934
lineage,legacy,M0,117,2,0,0,0.0,2,0,0,0,0.0,0.00590546554879942,0.9936153354746137,0.0004791989765873934
lineage,legacy,M0,118,2,0,0,0.0,2,0,0,0,0.0,0.00590546554879942,0.9936153354746137,0.0004791989765873934
lineage,legacy,M0,119,2,0,0,0.0,2,0,0,0,0.0,0.00590546554879942,0.9936153354746137,0.0004791989765873934
lineage,legacy,M0,120,2,0,0,0.0,2,0,0,0,0.0,0.00590546554879942,0.9936153354746137,0.0004791989765873934
lineage,legacy,M0,121,2,0,0,0.0,2,0,0,0,0.0,0.00590546554879942,0.9936153354746137,0.0004791989765873934
lineage,legacy,M0,122,2,0,0,0.0,2,0,0,0,0.0,0.00590546554879942,0.9936153354746137,0.0004791989765873934
lineage,legacy,M0,123,2,0,0,0.0,2,0,0,0,0.0,0.00590546554879942,0.9936153354746137,0.0004791989765873934
lineage,legacy,M0,124,2,0,0,0.0,2,0,0,0,0.0,0.00590546554879942,0.9936153354746137,0.0004791989765873934
lineage,legacy,M0,125,2,0,0,0.0,2,0,0,0,0.0,0.00590546554879942,0.9936153354746137,0.0004791989765873934
lineage,legacy,M0,126,2,0,0,0.0,2,0,0,0,0.0,0.00590546554879942,0.9936153354746137,0.0004791989765873934
lineage,legacy,M0,127,2,0,0,0.0,2,0,0,0,0.0,0.00590546554879942,0.9936153354746137,0.0004791989765873934
lineage,legacy,M0,128,2,0,0,0.0,2,0,0,0,0.0,0.00590546554879942,0.9936153354746137,0.0004791989765873934
lineage,legacy,M0,129,2,0,0,0.0,2,0,0,0,0.0,0.00590546554879942,0.9936153354746137,0.0004791989765873934
lineage,legacy,M0,130,2,0,0,0.0,2,0,0,0,0.0,0.00590546554879942,0.9936153354746137,0.0004791989765873934
lineage,legacy,M0,131,2,0,0,0.0,2,0,0,0,0.0,0.00590546554879942,0.9936153354746137,0.0004791989765873934
lineage,legacy,M0,132,2,0,0,0.0,2,0,0,0,0.0,0.00590546554879942,0.9936153354746137,0.0004791989765873934
lineage,legacy,M0,133,2,0,0,0.0,2,0,0,0,0.0,0.00590546554879942,0.9936153354746137,0.0004791989765873934
lineage,legacy,M0,134,2,0,0,0.0,2,0,0,0,0.0,0.00590546554879942,0.9936153354746137,0.0004791989765873934
lineage,legacy,M0,135,2,0,0,0.0,2,0,0,0,0.0,0.00590546554879942,0.9936153354746137,0.0004791989765873934
lineage,legacy,M0,136,2,0,0,0.0,2,0,0,0,0.0,0.00590546554879942,0.9936153354746137,0.0004791989765873934
lineage,legacy,M0,137,2,0,0,0.0,2,0,0,0,0.0,0.00590546554879942,0.9936153354746137,0.0004791989765873934
lineage,legacy,M0,138,2,0,0,0.0,2,0,0,0,0.0,0.00590546554879942,0.9936153354746137,0.0004791989765873934
lineage,legacy,M0,139,2,0,0,0.0,2,0,0,0,0.0,0.00590546554879942,0.9936153354746137,0.0004791989765873934
lineage,legacy,M0,140,2,0,0,0.0,2,0,0,0,0.0,0.00590546554879942,0.9936153354746137,0.0004791989765873934
lineage,legacy,M0,141,2,0,0,0.0,2,0,0,0,0.0,0.00590546554879942,0.9936153354746137,0.0004791989765873934
lineage,legacy,M0,142,2,0,0,0.0,2,0,0,0,0.0,0.00590546554879942,0.9936153354746137,0.0004791989765873934
lineage,legacy,M0,143,2,0,0,0.0,2,0,0,0,0.0,0.00590546554879942,0.9936153354746137,0.0004791989765873934
lineage,legacy,M0,144,2,0,0,0.0,2,0,0,0,0.0,0.00590546554879942,0.9936153354746137,0.0004791989765873934
lineage,legacy,M0,145,2,0,0,0.0,2,0,0,0,0.0,0.00590546554879942,0.9936153354746137,0.0004791989765873934
lineage,legacy,M0,146,2,0,0,0.0,2,0,0,0,0.0,0.00590546554879942,0.9936153354746137,0.0004791989765873934
lineage,legacy,M0,147,2,0,0,0.0,2,0,0,0,0.0,0.00590546554879942,0.9936153354746137,0.0004791989765873934
lineage,legacy,M0,148,2,0,0,0.0,2,0,0,0,0.0,0.00590546554879942,0.9936153354746137,0.0004791989765873934
lineage,legacy,M0,149,2,0,0,0.0,2,0,0,0,0.0,0.00590546554879942,0.9936153354746137,0.0004791989765873934
lineage,legacy,M0,150,2,0,0,0.0,2,0,0,0,0.0,0.00590546554879942,0.9936153354746137,0.0004791989765873934
lineage,legacy,M0,151,2,0,0,0.0,2,0,0,1,0.0,0.00590546554879942,0.9936153354746137,0.0004791989765873934
lineage,legacy,M0,152,1,0,0,0.0,1,0,0,0,0.0,0.00590546554879942,0.9936153354746137,0.0004791989765873934
lineage,legacy,M0,153,1,0,0,0.0,1,0,0,0,0.0,0.00590546554879942,0.9936153354746137,0.0004791989765873934
lineage,legacy,M0,154,1,0,0,0.0,1,0,0,0,0.0,0.00590546554879942,0.9936153354746137,0.0004791989765873934
lineage,legacy,M0,155,1,0,0,0.0,1,0,0,0,0.0,0.00590546554879942,0.9936153354746137,0.0004791989765873934
lineage,legacy,M0,156,1,0,0,0.0,1,0,0,0,0.0,0.00590546554879942,0.9936153354746137,0.0004791989765873934
lineage,legacy,M0,157,1,0,0,0.0,1,0,0,0,0.0,0.00590546554879942,0.9936153354746137,0.0004791989765873934
lineage,legacy,M0,158,1,0,0,0.0,1,0,0,0,0.0,0.00590546554879942,0.9936153354746137,0.0004791989765873934
lineage,legacy,M0,159,1,0,0,0.0,1,0,0,0,0.0,0.00590546554879942,0.9936153354746137,0.0004791989765873934
lineage,legacy,M0,160,1,0,0,0.0,1,0,0,0,0.0,0.00590546554879942,0.9936153354746137,0.0004791989765873934
lineage,legacy,M0,161,1,0,0,0.0,1,0,0,0,0.0,0.00590546554879942,0.9936153354746137,0.0004791989765873934
lineage,legacy,M0,162,1,0,0,0.0,1,0,0,0,0.0,0.00590546554879942,0.9936153354746137,0.0004791989765873934
lineage,legacy,M0,163,1,0,0,0.0,1,0,0,0,0.0,0.00590546554879942,0.9936153354746137,0.0004791989765873934
lineage,legacy,M0,164,1,0,0,0.0,1,0,0,0,0.0,0.00590546554879942,0.9936153354746137,0.0004791989765873934
lineage,legacy,M0,165,1,0,0,0.0,1,0,0,0,0.0,0.00590546554879942,0.9936153354746137,0.0004791989765873934
lineage,legacy,M0,166,1,0,0,0.0,1,0,0,0,0.0,0.00590546554879942,0.9936153354746137,0.0004791989765873934
lineage,legacy,M0,167,1,0,0,0.0,1,0,0,0,0.0,0.00590546554879942,0.9936153354746137,0.0004791989765873934
lineage,legacy,M0,168,1,0,0,0.0,1,0,0,0,0.0,0.00590546554879942,0.9936153354746137,0.0004791989765873934
lineage,legacy,M0,169,1,0,0,0.0,1,0,0,0,0.0,0.00590546554879942,0.9936153354746137,0.0004791989765873934
lineage,legacy,M0,170,1,0,0,0.0,1,0,0,0,0.0,0.00590546554879942,0.9936153354746137,0.0004791989765873934
lineage,legacy,M0,171,1,0,0,0.0,1,0,0,0,0.0,0.00590546554879942,0.9936153354746137,0.0004791989765873934
lineage,legacy,M0,172,1,0,0,0.0,1,0,0,0,0.0,0.00590546554879942,0.9936153354746137,0.0004791989765873934
lineage,legacy,M0,173,1,0,0,0.0,1,0,0,0,0.0,0.00590546554879942,0.9936153354746137,0.0004791989765873934
lineage,legacy,M0,174,1,0,0,0.0,1,0,0,0,0.0,0.00590546554879942,0.9936153354746137,0.0004791989765873934
lineage,legacy,M0,175,1,0,0,0.0,1,0,0,0,0.0,0.00590546554879942,0.9936153354746137,0.0004791989765873934
lineage,legacy,M0,176,1,0,0,0.0,1,0,0,0,0.0,0.00590546554879942,0.9936153354746137,0.0004791989765873934
lineage,legacy,M0,177,1,0,0,0.0,1,0,0,0,0.0,0.00590546554879942,0.9936153354746137,0.0004791989765873934
lineage,legacy,M0,178,1,0,0,0.0,1,0,0,0,0.0,0.00590546554879942,0.9936153354746137,0.0004791989765873934
lineage,legacy,M0,179,1,0,0,0.0,1,0,0,0,0.0,0.00590546554879942,0.9936153354746137,0.0004791989765873934
lineage,legacy,M0,180,1,0,0,0.0,1,0,0,0,0.0,0.00590546554879942,0.9936153354746137,0.0004791989765873934
lineage,legacy,M0,181,1,0,0,0.0,1,0,0,0,0.0,0.00590546554879942,0.9936153354746137,0.0004791989765873934
lineage,legacy,M0,182,1,0,0,0.0,1,0,0,0,0.0,0.00590546554879942,0.9936153354746137,0.0004791989765873934
lineage,legacy,M0,183,1,0,0,0.0,1,0,0,0,0.0,0.00590546554879942,0.9936153354746137,0.0004791989765873934
lineage,legacy,M0,184,1,0,0,0.0,1,0,0,0,0.0,0.00590546554879942,0.9936153354746137,0.0004791989765873934
lineage,legacy,M0,185,1,0,0,0.0,1,0,0,0,0.0,0.00590546554879942,0.9936153354746137,0.0004791989765873934
lineage,legacy,M0,186,1,0,0,0.0,1,0,0,0,0.0,0.00590546554879942,0.9936153354746137,0.0004791989765873934
lineage,legacy,M0,187,1,0,0,0.0,1,0,0,0,0.0,0.00590546554879942,0.9936153354746137,0.0004791989765873934
lineage,legacy,M0,188,1,0,0,0.0,1,0,0,0,0.0,0.00590546554879942,0.9936153354746137,0.0004791989765873934
lineage,legacy,M0,189,1,0,0,0.0,1,0,0,0,0.0,0.00590546554879942,0.9936153354746137,0.0004791989765873934
lineage,legacy,M0,190,1,0,0,0.0,1,0,0,0,0.0,0.00590546554879942,0.9936153354746137,0.0004791989765873934
lineage,legacy,M0,191,1,0,0,0.0,1,0,0,0,0.0,0.00590546554879942,0.9936153354746137,0.0004791989765873934
lineage,legacy,M0,192,1,0,0,0.0,1,0,0,0,0.0,0.00590546554879942,0.9936153354746137,0.0004791989765873934
lineage,legacy,M0,193,1,0,0,0.0,1,0,0,0,0.0,0.00590546554879942,0.9936153354746137,0.0004791989765873934
lineage,legacy,M0,194,1,0,0,0.0,1,0,0,0,0.0,0.00590546554879942,0.9936153354746137,0.0004791989765873934
lineage,legacy,M0,195,1,0,0,0.0,1,0,0,0,0.0,0.00590546554879942,0.9936153354746137,0.0004791989765873934
lineage,legacy,M0,196,1,0,0,0.0,1,0,0,0,0.0,0.00590546554879942,0.9936153354746137,0.0004791989765873934
lineage,legacy,M0,197,1,0,0,0.0,1,0,0,0,0.0,0.00590546554879942,0.9936153354746137,0.0004791989765873934
lineage,legacy,M0,198,1,0,0,0.0,1,0,0,0,0.0,0.00590546554879942,0.9936153354746137,0.0004791989765873934
lineage,legacy,M0,199,1,0,0,0.0,1,0,0,0,0.0,0.00590546554879942,0.9936153354746137,0.0004791989765873934
lineage,legacy,M0,200,1,0,0,0.0,1,0,0,0,0.0,0.00590546554879942,0.9936153354746137,0.0004791989765873934
lineage,legacy,M0,201,1,0,0,0.0,1,0,0,0,0.0,0.00590546554879942,0.9936153354746137,0.0004791989765873934
lineage,legacy,M0,202,1,0,0,0.0,1,0,0,0,0.0,0.00590546554879942,0.9936153354746137,0.0004791989765873934
lineage,legacy,M0,203,1,0,0,0.0,1,0,0,0,0.0,0.00590546554879942,0.9936153354746137,0.0004791989765873934
lineage,legacy,M0,204,1,0,0,0.0,1,0,0,0,0.0,0.00590546554879942,0.9936153354746137,0.0004791989765873934
lineage,legacy,M0,205,1,0,0,0.0,1,0,0,0,0.0,0.00590546554879942,0.9936153354746137,0.0004791989765873934
lineage,legacy,M0,206,1,0,0,0.0,1,0,0,0,0.0,0.00590546554879942,0.9936153354746137,0.0004791989765873934
lineage,legacy,M0,207,1,0,0,0.0,1,0,0,0,0.0,0.00590546554879942,0.9936153354746137,0.0004791989765873934
lineage,legacy,M0,208,1,0,0,0.0,1,0,0,0,0.0,0.00590546554879942,0.9936153354746137,0.0004791989765873934
lineage,legacy,M0,209,1,0,0,0.0,1,0,0,0,0.0,0.00590546554879942,0.9936153354746137,0.0004791989765873934
lineage,legacy,M0,210,1,0,0,0.0,1,0,0,0,0.0,0.00590546554879942,0.9936153354746137,0.0004791989765873934
lineage,legacy,M0,211,1,0,0,0.0,1,0,0,0,0.0,0.00590546554879942,0.9936153354746137,0.0004791989765873934
lineage,legacy,M0,212,1,0,0,0.0,1,0,0,0,0.0,0.00590546554879942,0.9936153354746137,0.0004791989765873934
lineage,legacy,M0,213,1,0,0,0.0,1,0,0,0,0.0,0.00590546554879942,0.9936153354746137,0.0004791989765873934
lineage,legacy,M0,214,1,0,0,0.0,1,0,0,0,0.0,0.00590546554879942,0.9936153354746137,0.0004791989765873934
lineage,legacy,M0,215,1,0,0,0.0,1,0,0,0,0.0,0.00590546554879942,0.9936153354746137,0.0004791989765873934
lineage,legacy,M0,216,1,0,0,0.0,1,0,0,0,0.0,0.00590546554879942,0.9936153354746137,0.0004791989765873934
lineage,legacy,M0,217,1,0,0,0.0,1,0,0,0,0.0,0.00590546554879942,0.9936153354746137,0.0004791989765873934
lineage,legacy,M0,218,1,0,0,0.0,1,0,0,0,0.0,0.00590546554879942,0.9936153354746137,0.0004791989765873934
lineage,legacy,M0,219,1,0,0,0.0,1,0,0,0,0.0,0.00590546554879942,0.9936153354746137,0.0004791989765873934
lineage,legacy,M0,220,1,0,0,0.0,1,0,0,0,0.0,0.00590546554879942,0.9936153354746137,0.0004791989765873934
lineage,legacy,M0,221,1,0,0,0.0,1,0,0,0,0.0,0.00590546554879942,0.9936153354746137,0.0004791989765873934
lineage,legacy,M0,222,1,0,0,0.0,1,0,0,0,0.0,0.00590546554879942,0.9936153354746137,0.0004791989765873934
lineage,legacy,M0,223,1,0,0,0.0,1,0,0,0,0.0,0.00590546554879942,0.9936153354746137,0.0004791989765873934
lineage,legacy,M0,224,1,0,0,0.0,1,0,0,0,0.0,0.00590546554879942,0.9936153354746137,0.0004791989765873934
lineage,legacy,M0,225,1,0,0,0.0,1,0,0,0,0.0,0.00590546554879942,0.9936153354746137,0.0004791989765873934
lineage,legacy,M0,226,1,0,0,0.0,1,0,0,0,0.0,0.00590546554879942,0.9936153354746137,0.0004791989765873934
lineage,legacy,M0,227,1,0,0,0.0,1,0,0,0,0.0,0.00590546554879942,0.9936153354746137,0.0004791989765873934
lineage,legacy,M0,228,1,0,0,0.0,1,0,0,0,0.0,0.00590546554879942,0.9936153354746137,0.0004791989765873934
lineage,legacy,M0,229,1,0,0,0.0,1,0,0,0,0.0,0.00590546554879942,0.9936153354746137,0.0004791989765873934
lineage,legacy,M0,230,1,0,0,0.0,1,0,0,0,0.0,0.00590546554879942,0.9936153354746137,0.0004791989765873934
lineage,legacy,M0,231,1,0,0,0.0,1,0,0,0,0.0,0.00590546554879942,0.9936153354746137,0.0004791989765873934
lineage,legacy,M0,232,1,0,0,0.0,1,0,0,0,0.0,0.00590546554879942,0.9936153354746137,0.0004791989765873934
lineage,legacy,M0,233,1,0,0,0.0,1,0,0,0,0.0,0.00590546554879942,0.9936153354746137,0.0004791989765873934
lineage,legacy,M0,234,1,0,0,0.0,1,0,0,0,0.0,0.00590546554879942,0.9936153354746137,0.0004791989765873934
lineage,legacy,M0,235,1,0,0,0.0,1,0,0,0,0.0,0.00590546554879942,0.9936153354746137,0.0004791989765873934
lineage,legacy,M0,236,1,0,0,0.0,1,0,0,0,0.0,0.00590546554879942,0.9936153354746137,0.0004791989765873934
lineage,legacy,M0,237,1,0,0,0.0,1,0,0,0,0.0,0.00590546554879942,0.9936153354746137,0.0004791989765873934
lineage,legacy,M0,238,1,0,0,0.0,1,0,0,0,0.0,0.00590546554879942,0.9936153354746137,0.0004791989765873934
lineage,legacy,M0,239,1,0,0,0.0,1,0,0,0,0.0,0.00590546554879942,0.9936153354746137,0.0004791989765873934
lineage,legacy,M0,240,1,0,0,0.0,1,0,0,0,0.0,0.00590546554879942,0.9936153354746137,0.0004791989765873934
lineage,legacy,M0,241,1,0,0,0.0,1,0,1,0,0.0,0.00590546554879942,0.9940945344512011,0.0
lineage,legacy,M1,1,8848,1832,1,0.2070524412296564,7015,11,296,3,0.0015680684248039914,0.001243396029433183,0.2405110980216766,0.7582455059488903
lineage,legacy,M1,2,6705,1116,0,0.16644295302013423,5589,10,354,0,0.001789228842368939,0.002374261810117583,0.4067483677822834,0.5908773704075991
lineage,legacy,M1,3,5225,761,0,0.14564593301435408,4464,8,334,0,0.0017921146953405018,0.0032789544346651035,0.5305781707672252,0.4661428747981098
lineage,legacy,M1,4,4122,480,0,0.11644832605531295,3642,3,341,1,0.0008237232289950577,0.0036182141688704235,0.6234222513614145,0.3729595344697152
lineage,legacy,M1,5,3297,323,0,0.09796784956020625,2974,1,264,1,0.0003362474781439139,0.0037313350467805587,0.6898242066946637,0.3064444582585558
lineage,legacy,M1,6,2708,260,0,0.09601181683899557,2448,1,238,0,0.0004084967320261438,0.0038444976975407345,0.7461792067732312,0.24997629552922812
lineage,legacy,M1,7,2209,165,0,0.07469443186962427,2044,0,239,2,0.0,0.0038444976975407345,0.7918969176803422,0.2042585846221171
lineage,legacy,M1,8,1803,135,0,0.07487520798668885,1668,0,192,0,0.0,0.0038444976975407345,0.8289421518297777,0.16721335047268157
lineage,legacy,M1,9,1476,95,0,0.06436314363143632,1381,1,157,1,0.000724112961622013,0.003957785875367754,0.8574907726421866,0.1385514414824455
lineage,legacy,M1,10,1222,84,0,0.06873977086743044,1138,1,139,0,0.0008787346221441124,0.004071166760377939,0.8827747099994578,0.11315412324016418
lineage,legacy,M1,11,998,65,0,0.06513026052104208,933,0,123,1,0.0,0.004071166760377939,0.9040903163813726,0.09183851685824948
lineage,legacy,M1,12,809,37,0,0.04573547589616811,772,1,98,0,0.0012953367875647669,0.004184687794813353,0.9194156560301534,0.07639965617503326
lineage,legacy,M1,13,673,35,0,0.05200594353640416,638,0,81,0,0.0,0.004184687794813353,0.9325840960246614,0.06323121618052531
lineage,legacy,M1,14,557,30,0,0.05385996409335727,527,0,61,0,0.0,0.004184687794813353,0.942914510158284,0.05290080204690268
lineage,legacy,M1,15,466,24,0,0.05150214592274678,442,0,48,0,0.0,0.004184687794813353,0.9510880246376338,0.044727287567552905
lineage,legacy,M1,16,394,12,0,0.030456852791878174,382,0,50,0,0.0,0.004184687794813353,0.9581263287726294,0.03768898343255727
lineage,legacy,M1,17,332,14,0,0.04216867469879518,318,0,50,0,0.0,0.004184687794813353,0.9653916749764958,0.030423637228690813
lineage,legacy,M1,18,268,8,0,0.029850746268656716,260,0,34,0,0.0,0.004184687794813353,0.9701595584227832,0.025655753782403447
lineage,legacy,M1,19,226,4,0,0.017699115044247787,222,0,35,0,0.0,0.004184687794813353,0.9745868787657643,0.021228433439422323
lineage,legacy,M1,20,187,6,0,0.03208556149732621,181,0,28,0,0.0,0.004184687794813353,0.9784465939365683,0.01736871826861826
lineage,legacy,M1,21,153,5,0,0.032679738562091505,148,0,16,0,0.0,0.004184687794813353,0.9808305356597119,0.014984776545474579
lineage,legacy,M1,22,132,3,0,0.022727272727272728,129,1,20,0,0.007751937984496124,0.004298208829248766,0.9834415194517264,0.012260271719024654
lineage,legacy,M1,23,108,3,0,0.027777777777777776,105,0,11,0,0.0,0.004298208829248766,0.9850308139338222,0.010670977236928865
lineage,legacy,M1,24,94,1,0,0.010638297872340425,93,0,11,0,0.0,0.004298208829248766,0.9863930663470472,0.009308724823703905
lineage,legacy,M1,25,82,4,0,0.04878048780487805,78,0,8,0,0.0,0.004298208829248766,0.9877553187602721,0.007946472410478944
lineage,legacy,M1,26,70,4,0,0.05714285714285714,66,0,7,1,0.0,0.004298208829248766,0.9890040501390617,0.006697741031689395
lineage,legacy,M1,27,58,3,0,0.05172413793103448,55,0,8,0,0.0,0.004298208829248766,0.9902743113692096,0.005427479801541407
lineage,legacy,M1,28,47,1,0,0.02127659574468085,46,0,7,0,0.0,0.004298208829248766,0.9911981377184081,0.004503653452342869
lineage,legacy,M1,29,39,3,0,0.07692307692307693,36,0,5,0,0.0,0.004298208829248766,0.9921219640676067,0.003579827103144332
lineage,legacy,M1,30,31,0,0,0.0,31,0,2,0,0.0,0.004298208829248766,0.9923529206549063,0.0033488705158446976
lineage,legacy,M1,31,29,0,0,0.0,29,0,2,0,0.0,0.004298208829248766,0.992583877242206,0.0031179139285450633
lineage,legacy,M1,32,27,1,0,0.037037037037037035,26,0,5,0,0.0,0.004298208829248766,0.9932767470041048,0.0024250441666461603
lineage,legacy,M1,33,21,0,0,0.0,21,0,0,0,0.0,0.004298208829248766,0.9932767470041048,0.0024250441666461603
lineage,legacy,M1,34,21,0,0,0.0,21,0,3,0,0.0,0.004298208829248766,0.9936231818850543,0.002078609285696709
lineage,legacy,M1,35,18,0,0,0.0,18,0,3,0,0.0,0.004298208829248766,0.9939696167660037,0.0017321744047472574
lineage,legacy,M1,36,15,0,0,0.0,15,0,1,0,0.0,0.004298208829248766,0.9940850950596535,0.0016166961110974402
lineage,legacy,M1,37,14,0,0,0.0,14,0,0,0,0.0,0.004298208829248766,0.9940850950596535,0.0016166961110974402
lineage,legacy,M1,38,14,0,0,0.0,14,0,1,0,0.0,0.004298208829248766,0.9942005733533033,0.001501217817447623
lineage,legacy,M1,39,13,0,0,0.0,13,0,0,0,0.0,0.004298208829248766,0.9942005733533033,0.001501217817447623
lineage,legacy,M1,40,13,0,0,0.0,13,0,2,0,0.0,0.004298208829248766,0.9944315299406029,0.0012702612301479887
lineage,legacy,M1,41,11,0,0,0.0,11,0,0,0,0.0,0.004298208829248766,0.9944315299406029,0.0012702612301479887
lineage,legacy,M1,42,11,0,0,0.0,11,0,0,0,0.0,0.004298208829248766,0.9944315299406029,0.0012702612301479887
lineage,legacy,M1,43,11,0,0,0.0,11,0,1,0,0.0,0.004298208829248766,0.9945470082342527,0.0011547829364981716
lineage,legacy,M1,44,10,0,0,0.0,10,0,1,0,0.0,0.004298208829248766,0.9946624865279025,0.0010393046428483544
lineage,legacy,M1,45,9,0,0,0.0,9,0,0,0,0.0,0.004298208829248766,0.9946624865279025,0.0010393046428483544
lineage,legacy,M1,46,9,0,0,0.0,9,0,0,0,0.0,0.004298208829248766,0.9946624865279025,0.0010393046428483544
lineage,legacy,M1,47,9,0,0,0.0,9,0,1,0,0.0,0.004298208829248766,0.9947779648215522,0.0009238263491985373
lineage,legacy,M1,48,8,1,0,0.125,7,0,0,0,0.0,0.004298208829248766,0.994893443115202,0.0008083480555487201
lineage,legacy,M1,49,7,0,0,0.0,7,0,1,0,0.0,0.004298208829248766,0.9950089214088518,0.000692869761898903
lineage,legacy,M1,50,6,0,0,0.0,6,0,0,0,0.0,0.004298208829248766,0.9950089214088518,0.000692869761898903
lineage,legacy,M1,51,6,0,0,0.0,6,0,0,0,0.0,0.004298208829248766,0.9950089214088518,0.000692869761898903
lineage,legacy,M1,52,6,0,0,0.0,6,0,0,0,0.0,0.004298208829248766,0.9950089214088518,0.000692869761898903
lineage,legacy,M1,53,6,0,0,0.0,6,0,0,0,0.0,0.004298208829248766,0.9950089214088518,0.000692869761898903
lineage,legacy,M1,54,6,0,0,0.0,6,0,0,0,0.0,0.004298208829248766,0.9950089214088518,0.000692869761898903
lineage,legacy,M1,55,6,0,0,0.0,6,0,0,0,0.0,0.004298208829248766,0.9950089214088518,0.000692869761898903
lineage,legacy,M1,56,6,0,0,0.0,6,0,0,0,0.0,0.004298208829248766,0.9950089214088518,0.000692869761898903
lineage,legacy,M1,57,6,0,0,0.0,6,0,0,0,0.0,0.004298208829248766,0.9950089214088518,0.000692869761898903
lineage,legacy,M1,58,6,0,0,0.0,6,0,0,0,0.0,0.004298208829248766,0.9950089214088518,0.000692869761898903
lineage,legacy,M1,59,6,0,0,0.0,6,0,0,0,0.0,0.004298208829248766,0.9950089214088518,0.000692869761898903
lineage,legacy,M1,60,6,0,0,0.0,6,0,0,0,0.0,0.004298208829248766,0.9950089214088518,0.000692869761898903
lineage,legacy,M1,61,6,0,0,0.0,6,0,0,0,0.0,0.004298208829248766,0.9950089214088518,0.000692869761898903
lineage,legacy,M1,62,6,0,0,0.0,6,0,0,0,0.0,0.004298208829248766,0.9950089214088518,0.000692869761898903
lineage,legacy,M1,63,6,0,0,0.0,6,0,0,0,0.0,0.004298208829248766,0.9950089214088518,0.000692869761898903
lineage,legacy,M1,64,6,0,0,0.0,6,0,0,0,0.0,0.004298208829248766,0.9950089214088518,0.000692869761898903
lineage,legacy,M1,65,6,0,0,0.0,6,0,0,0,0.0,0.004298208829248766,0.9950089214088518,0.000692869761898903
lineage,legacy,M1,66,6,0,0,0.0,6,0,0,0,0.0,0.004298208829248766,0.9950089214088518,0.000692869761898903
lineage,legacy,M1,67,6,0,0,0.0,6,0,0,0,0.0,0.004298208829248766,0.9950089214088518,0.000692869761898903
lineage,legacy,M1,68,6,1,0,0.16666666666666666,5,0,0,0,0.0,0.004298208829248766,0.9951243997025015,0.0005773914682490858
lineage,legacy,M1,69,5,0,0,0.0,5,0,0,0,0.0,0.004298208829248766,0.9951243997025015,0.0005773914682490858
lineage,legacy,M1,70,5,0,0,0.0,5,0,0,0,0.0,0.004298208829248766,0.9951243997025015,0.0005773914682490858
lineage,legacy,M1,71,5,0,0,0.0,5,0,0,0,0.0,0.004298208829248766,0.9951243997025015,0.0005773914682490858
lineage,legacy,M1,72,5,0,0,0.0,5,0,0,0,0.0,0.004298208829248766,0.9951243997025015,0.0005773914682490858
lineage,legacy,M1,73,5,0,0,0.0,5,0,0,0,0.0,0.004298208829248766,0.9951243997025015,0.0005773914682490858
lineage,legacy,M1,74,5,0,0,0.0,5,0,0,0,0.0,0.004298208829248766,0.9951243997025015,0.0005773914682490858
lineage,legacy,M1,75,5,0,0,0.0,5,0,0,0,0.0,0.004298208829248766,0.9951243997025015,0.0005773914682490858
lineage,legacy,M1,76,5,0,0,0.0,5,0,0,0,0.0,0.004298208829248766,0.9951243997025015,0.0005773914682490858
lineage,legacy,M1,77,5,0,0,0.0,5,0,0,0,0.0,0.004298208829248766,0.9951243997025015,0.0005773914682490858
lineage,legacy,M1,78,5,0,0,0.0,5,0,0,0,0.0,0.004298208829248766,0.9951243997025015,0.0005773914682490858
lineage,legacy,M1,79,5,0,0,0.0,5,0,0,0,0.0,0.004298208829248766,0.9951243997025015,0.0005773914682490858
lineage,legacy,M1,80,5,0,0,0.0,5,0,0,0,0.0,0.004298208829248766,0.9951243997025015,0.0005773914682490858
lineage,legacy,M1,81,5,0,0,0.0,5,0,0,0,0.0,0.004298208829248766,0.9951243997025015,0.0005773914682490858
lineage,legacy,M1,82,5,0,0,0.0,5,0,0,0,0.0,0.004298208829248766,0.9951243997025015,0.0005773914682490858
lineage,legacy,M1,83,5,0,0,0.0,5,0,0,0,0.0,0.004298208829248766,0.9951243997025015,0.0005773914682490858
lineage,legacy,M1,84,5,0,0,0.0,5,0,0,0,0.0,0.004298208829248766,0.9951243997025015,0.0005773914682490858
lineage,legacy,M1,85,5,0,0,0.0,5,0,0,0,0.0,0.004298208829248766,0.9951243997025015,0.0005773914682490858
lineage,legacy,M1,86,5,0,0,0.0,5,0,0,0,0.0,0.004298208829248766,0.9951243997025015,0.0005773914682490858
lineage,legacy,M1,87,5,0,0,0.0,5,0,0,0,0.0,0.004298208829248766,0.9951243997025015,0.0005773914682490858
lineage,legacy,M1,88,5,0,0,0.0,5,0,0,0,0.0,0.004298208829248766,0.9951243997025015,0.0005773914682490858
lineage,legacy,M1,89,5,0,0,0.0,5,0,0,0,0.0,0.004298208829248766,0.9951243997025015,0.0005773914682490858
lineage,legacy,M1,90,5,0,0,0.0,5,0,0,0,0.0,0.004298208829248766,0.9951243997025015,0.0005773914682490858
lineage,legacy,M1,91,5,0,0,0.0,5,0,0,0,0.0,0.004298208829248766,0.9951243997025015,0.0005773914682490858
lineage,legacy,M1,92,5,0,0,0.0,5,0,0,0,0.0,0.004298208829248766,0.9951243997025015,0.0005773914682490858
lineage,legacy,M1,93,5,0,0,0.0,5,0,0,0,0.0,0.004298208829248766,0.9951243997025015,0.0005773914682490858
lineage,legacy,M1,94,5,0,0,0.0,5,0,0,0,0.0,0.004298208829248766,0.9951243997025015,0.0005773914682490858
lineage,legacy,M1,95,5,0,0,0.0,5,0,0,0,0.0,0.004298208829248766,0.9951243997025015,0.0005773914682490858
lineage,legacy,M1,96,5,0,0,0.0,5,0,0,0,0.0,0.004298208829248766,0.9951243997025015,0.0005773914682490858
lineage,legacy,M1,97,5,0,0,0.0,5,0,0,0,0.0,0.004298208829248766,0.9951243997025015,0.0005773914682490858
lineage,legacy,M1,98,5,0,0,0.0,5,0,0,0,0.0,0.004298208829248766,0.9951243997025015,0.0005773914682490858
lineage,legacy,M1,99,5,0,0,0.0,5,0,0,0,0.0,0.004298208829248766,0.9951243997025015,0.0005773914682490858
lineage,legacy,M1,100,5,0,0,0.0,5,0,0,0,0.0,0.004298208829248766,0.9951243997025015,0.0005773914682490858
lineage,legacy,M1,101,5,0,0,0.0,5,0,0,0,0.0,0.004298208829248766,0.9951243997025015,0.0005773914682490858
lineage,legacy,M1,102,5,0,0,0.0,5,0,0,0,0.0,0.004298208829248766,0.9951243997025015,0.0005773914682490858
lineage,legacy,M1,103,5,0,0,0.0,5,0,0,0,0.0,0.004298208829248766,0.9951243997025015,0.0005773914682490858
lineage,legacy,M1,104,5,0,0,0.0,5,0,0,0,0.0,0.004298208829248766,0.9951243997025015,0.0005773914682490858
lineage,legacy,M1,105,5,0,0,0.0,5,0,0,0,0.0,0.004298208829248766,0.9951243997025015,0.0005773914682490858
lineage,legacy,M1,106,5,0,0,0.0,5,0,0,0,0.0,0.004298208829248766,0.9951243997025015,0.0005773914682490858
lineage,legacy,M1,107,5,0,0,0.0,5,0,0,0,0.0,0.004298208829248766,0.9951243997025015,0.0005773914682490858
lineage,legacy,M1,108,5,0,0,0.0,5,0,0,0,0.0,0.004298208829248766,0.9951243997025015,0.0005773914682490858
lineage,legacy,M1,109,5,0,0,0.0,5,0,0,0,0.0,0.004298208829248766,0.9951243997025015,0.0005773914682490858
lineage,legacy,M1,110,5,0,0,0.0,5,0,0,0,0.0,0.004298208829248766,0.9951243997025015,0.0005773914682490858
lineage,legacy,M1,111,5,0,0,0.0,5,0,0,0,0.0,0.004298208829248766,0.9951243997025015,0.0005773914682490858
lineage,legacy,M1,112,5,0,0,0.0,5,0,0,0,0.0,0.004298208829248766,0.9951243997025015,0.0005773914682490858
lineage,legacy,M1,113,5,0,0,0.0,5,0,0,0,0.0,0.004298208829248766,0.9951243997025015,0.0005773914682490858
lineage,legacy,M1,114,5,0,0,0.0,5,0,0,0,0.0,0.004298208829248766,0.9951243997025015,0.0005773914682490858
lineage,legacy,M1,115,5,0,0,0.0,5,0,0,0,0.0,0.004298208829248766,0.9951243997025015,0.0005773914682490858
lineage,legacy,M1,116,5,0,0,0.0,5,0,0,0,0.0,0.004298208829248766,0.9951243997025015,0.0005773914682490858
lineage,legacy,M1,117,5,0,0,0.0,5,0,0,0,0.0,0.004298208829248766,0.9951243997025015,0.0005773914682490858
lineage,legacy,M1,118,5,0,0,0.0,5,0,0,0,0.0,0.004298208829248766,0.9951243997025015,0.0005773914682490858
lineage,legacy,M1,119,5,0,0,0.0,5,0,0,0,0.0,0.004298208829248766,0.9951243997025015,0.0005773914682490858
lineage,legacy,M1,120,5,0,0,0.0,5,0,0,0,0.0,0.004298208829248766,0.9951243997025015,0.0005773914682490858
lineage,legacy,M1,121,5,0,0,0.0,5,0,0,0,0.0,0.004298208829248766,0.9951243997025015,0.0005773914682490858
lineage,legacy,M1,122,5,0,0,0.0,5,0,0,0,0.0,0.004298208829248766,0.9951243997025015,0.0005773914682490858
lineage,legacy,M1,123,5,0,0,0.0,5,0,0,0,0.0,0.004298208829248766,0.9951243997025015,0.0005773914682490858
lineage,legacy,M1,124,5,0,0,0.0,5,0,0,0,0.0,0.004298208829248766,0.9951243997025015,0.0005773914682490858
lineage,legacy,M1,125,5,0,0,0.0,5,0,0,0,0.0,0.004298208829248766,0.9951243997025015,0.0005773914682490858
lineage,legacy,M1,126,5,0,0,0.0,5,0,0,0,0.0,0.004298208829248766,0.9951243997025015,0.0005773914682490858
lineage,legacy,M1,127,5,0,0,0.0,5,0,0,1,0.0,0.004298208829248766,0.9951243997025015,0.0005773914682490858
lineage,legacy,M1,128,4,0,0,0.0,4,0,0,0,0.0,0.004298208829248766,0.9951243997025015,0.0005773914682490858
lineage,legacy,M1,129,4,0,0,0.0,4,0,0,0,0.0,0.004298208829248766,0.9951243997025015,0.0005773914682490858
lineage,legacy,M1,130,4,0,0,0.0,4,0,0,0,0.0,0.004298208829248766,0.9951243997025015,0.0005773914682490858
lineage,legacy,M1,131,4,0,0,0.0,4,0,0,0,0.0,0.004298208829248766,0.9951243997025015,0.0005773914682490858
lineage,legacy,M1,132,4,0,0,0.0,4,0,0,0,0.0,0.004298208829248766,0.9951243997025015,0.0005773914682490858
lineage,legacy,M1,133,4,0,0,0.0,4,0,0,0,0.0,0.004298208829248766,0.9951243997025015,0.0005773914682490858
lineage,legacy,M1,134,4,0,0,0.0,4,0,0,0,0.0,0.004298208829248766,0.9951243997025015,0.0005773914682490858
lineage,legacy,M1,135,4,0,0,0.0,4,0,0,0,0.0,0.004298208829248766,0.9951243997025015,0.0005773914682490858
lineage,legacy,M1,136,4,0,0,0.0,4,0,0,0,0.0,0.004298208829248766,0.9951243997025015,0.0005773914682490858
lineage,legacy,M1,137,4,0,0,0.0,4,0,0,0,0.0,0.004298208829248766,0.9951243997025015,0.0005773914682490858
lineage,legacy,M1,138,4,0,0,0.0,4,0,0,0,0.0,0.004298208829248766,0.9951243997025015,0.0005773914682490858
lineage,legacy,M1,139,4,0,0,0.0,4,0,0,0,0.0,0.004298208829248766,0.9951243997025015,0.0005773914682490858
lineage,legacy,M1,140,4,0,0,0.0,4,0,0,0,0.0,0.004298208829248766,0.9951243997025015,0.0005773914682490858
lineage,legacy,M1,141,4,0,0,0.0,4,0,0,0,0.0,0.004298208829248766,0.9951243997025015,0.0005773914682490858
lineage,legacy,M1,142,4,0,0,0.0,4,0,0,0,0.0,0.004298208829248766,0.9951243997025015,0.0005773914682490858
lineage,legacy,M1,143,4,0,0,0.0,4,0,0,0,0.0,0.004298208829248766,0.9951243997025015,0.0005773914682490858
lineage,legacy,M1,144,4,0,0,0.0,4,0,0,0,0.0,0.004298208829248766,0.9951243997025015,0.0005773914682490858
lineage,legacy,M1,145,4,0,0,0.0,4,0,0,0,0.0,0.004298208829248766,0.9951243997025015,0.0005773914682490858
lineage,legacy,M1,146,4,0,0,0.0,4,0,0,0,0.0,0.004298208829248766,0.9951243997025015,0.0005773914682490858
lineage,legacy,M1,147,4,0,0,0.0,4,0,0,0,0.0,0.004298208829248766,0.9951243997025015,0.0005773914682490858
lineage,legacy,M1,148,4,0,0,0.0,4,0,0,0,0.0,0.004298208829248766,0.9951243997025015,0.0005773914682490858
lineage,legacy,M1,149,4,0,0,0.0,4,0,0,0,0.0,0.004298208829248766,0.9951243997025015,0.0005773914682490858
lineage,legacy,M1,150,4,0,0,0.0,4,0,0,0,0.0,0.004298208829248766,0.9951243997025015,0.0005773914682490858
lineage,legacy,M1,151,4,0,0,0.0,4,0,0,0,0.0,0.004298208829248766,0.9951243997025015,0.0005773914682490858
lineage,legacy,M1,152,4,0,0,0.0,4,0,0,0,0.0,0.004298208829248766,0.9951243997025015,0.0005773914682490858
lineage,legacy,M1,153,4,0,0,0.0,4,0,0,0,0.0,0.004298208829248766,0.9951243997025015,0.0005773914682490858
lineage,legacy,M1,154,4,0,0,0.0,4,0,0,0,0.0,0.004298208829248766,0.9951243997025015,0.0005773914682490858
lineage,legacy,M1,155,4,0,0,0.0,4,0,0,0,0.0,0.004298208829248766,0.9951243997025015,0.0005773914682490858
lineage,legacy,M1,156,4,0,0,0.0,4,0,0,0,0.0,0.004298208829248766,0.9951243997025015,0.0005773914682490858
lineage,legacy,M1,157,4,0,0,0.0,4,0,0,0,0.0,0.004298208829248766,0.9951243997025015,0.0005773914682490858
lineage,legacy,M1,158,4,0,0,0.0,4,0,0,0,0.0,0.004298208829248766,0.9951243997025015,0.0005773914682490858
lineage,legacy,M1,159,4,0,0,0.0,4,0,0,0,0.0,0.004298208829248766,0.9951243997025015,0.0005773914682490858
lineage,legacy,M1,160,4,0,0,0.0,4,0,0,0,0.0,0.004298208829248766,0.9951243997025015,0.0005773914682490858
lineage,legacy,M1,161,4,0,0,0.0,4,0,0,0,0.0,0.004298208829248766,0.9951243997025015,0.0005773914682490858
lineage,legacy,M1,162,4,0,0,0.0,4,0,0,0,0.0,0.004298208829248766,0.9951243997025015,0.0005773914682490858
lineage,legacy,M1,163,4,0,0,0.0,4,0,1,0,0.0,0.004298208829248766,0.9952687475695638,0.00043304360118681434
lineage,legacy,M1,164,3,0,0,0.0,3,0,0,0,0.0,0.004298208829248766,0.9952687475695638,0.00043304360118681434
lineage,legacy,M1,165,3,0,0,0.0,3,0,0,0,0.0,0.004298208829248766,0.9952687475695638,0.00043304360118681434
lineage,legacy,M1,166,3,0,0,0.0,3,0,0,0,0.0,0.004298208829248766,0.9952687475695638,0.00043304360118681434
lineage,legacy,M1,167,3,0,0,0.0,3,0,0,0,0.0,0.004298208829248766,0.9952687475695638,0.00043304360118681434
lineage,legacy,M1,168,3,0,0,0.0,3,0,0,0,0.0,0.004298208829248766,0.9952687475695638,0.00043304360118681434
lineage,legacy,M1,169,3,0,0,0.0,3,0,1,0,0.0,0.004298208829248766,0.9954130954366261,0.00028869573412454295
lineage,legacy,M1,170,2,0,0,0.0,2,0,0,0,0.0,0.004298208829248766,0.9954130954366261,0.00028869573412454295
lineage,legacy,M1,171,2,0,0,0.0,2,0,0,0,0.0,0.004298208829248766,0.9954130954366261,0.00028869573412454295
lineage,legacy,M1,172,2,0,0,0.0,2,0,0,0,0.0,0.004298208829248766,0.9954130954366261,0.00028869573412454295
lineage,legacy,M1,173,2,0,0,0.0,2,0,0,0,0.0,0.004298208829248766,0.9954130954366261,0.00028869573412454295
lineage,legacy,M1,174,2,0,0,0.0,2,0,0,0,0.0,0.004298208829248766,0.9954130954366261,0.00028869573412454295
lineage,legacy,M1,175,2,0,0,0.0,2,0,0,0,0.0,0.004298208829248766,0.9954130954366261,0.00028869573412454295
lineage,legacy,M1,176,2,0,0,0.0,2,0,0,0,0.0,0.004298208829248766,0.9954130954366261,0.00028869573412454295
lineage,legacy,M1,177,2,0,0,0.0,2,0,0,0,0.0,0.004298208829248766,0.9954130954366261,0.00028869573412454295
lineage,legacy,M1,178,2,0,0,0.0,2,0,0,0,0.0,0.004298208829248766,0.9954130954366261,0.00028869573412454295
lineage,legacy,M1,179,2,0,0,0.0,2,0,0,0,0.0,0.004298208829248766,0.9954130954366261,0.00028869573412454295
lineage,legacy,M1,180,2,0,0,0.0,2,0,0,0,0.0,0.004298208829248766,0.9954130954366261,0.00028869573412454295
lineage,legacy,M1,181,2,0,0,0.0,2,0,0,0,0.0,0.004298208829248766,0.9954130954366261,0.00028869573412454295
lineage,legacy,M1,182,2,0,0,0.0,2,0,0,0,0.0,0.004298208829248766,0.9954130954366261,0.00028869573412454295
lineage,legacy,M1,183,2,0,0,0.0,2,0,0,0,0.0,0.004298208829248766,0.9954130954366261,0.00028869573412454295
lineage,legacy,M1,184,2,0,0,0.0,2,0,0,0,0.0,0.004298208829248766,0.9954130954366261,0.00028869573412454295
lineage,legacy,M1,185,2,0,0,0.0,2,0,0,0,0.0,0.004298208829248766,0.9954130954366261,0.00028869573412454295
lineage,legacy,M1,186,2,0,0,0.0,2,0,0,0,0.0,0.004298208829248766,0.9954130954366261,0.00028869573412454295
lineage,legacy,M1,187,2,0,0,0.0,2,0,0,0,0.0,0.004298208829248766,0.9954130954366261,0.00028869573412454295
lineage,legacy,M1,188,2,0,0,0.0,2,0,0,0,0.0,0.004298208829248766,0.9954130954366261,0.00028869573412454295
lineage,legacy,M1,189,2,0,0,0.0,2,0,0,0,0.0,0.004298208829248766,0.9954130954366261,0.00028869573412454295
lineage,legacy,M1,190,2,0,0,0.0,2,0,0,0,0.0,0.004298208829248766,0.9954130954366261,0.00028869573412454295
lineage,legacy,M1,191,2,0,0,0.0,2,0,0,0,0.0,0.004298208829248766,0.9954130954366261,0.00028869573412454295
lineage,legacy,M1,192,2,0,0,0.0,2,0,0,0,0.0,0.004298208829248766,0.9954130954366261,0.00028869573412454295
lineage,legacy,M1,193,2,0,0,0.0,2,0,0,0,0.0,0.004298208829248766,0.9954130954366261,0.00028869573412454295
lineage,legacy,M1,194,2,0,0,0.0,2,0,0,0,0.0,0.004298208829248766,0.9954130954366261,0.00028869573412454295
lineage,legacy,M1,195,2,0,0,0.0,2,0,0,0,0.0,0.004298208829248766,0.9954130954366261,0.00028869573412454295
lineage,legacy,M1,196,2,0,0,0.0,2,0,0,0,0.0,0.004298208829248766,0.9954130954366261,0.00028869573412454295
lineage,legacy,M1,197,2,0,0,0.0,2,0,0,0,0.0,0.004298208829248766,0.9954130954366261,0.00028869573412454295
lineage,legacy,M1,198,2,0,0,0.0,2,0,0,0,0.0,0.004298208829248766,0.9954130954366261,0.00028869573412454295
lineage,legacy,M1,199,2,0,0,0.0,2,0,0,0,0.0,0.004298208829248766,0.9954130954366261,0.00028869573412454295
lineage,legacy,M1,200,2,0,0,0.0,2,0,0,0,0.0,0.004298208829248766,0.9954130954366261,0.00028869573412454295
lineage,legacy,M1,201,2,0,0,0.0,2,0,0,0,0.0,0.004298208829248766,0.9954130954366261,0.00028869573412454295
lineage,legacy,M1,202,2,0,0,0.0,2,0,0,0,0.0,0.004298208829248766,0.9954130954366261,0.00028869573412454295
lineage,legacy,M1,203,2,0,0,0.0,2,0,0,0,0.0,0.004298208829248766,0.9954130954366261,0.00028869573412454295
lineage,legacy,M1,204,2,0,0,0.0,2,0,0,0,0.0,0.004298208829248766,0.9954130954366261,0.00028869573412454295
lineage,legacy,M1,205,2,0,0,0.0,2,0,0,0,0.0,0.004298208829248766,0.9954130954366261,0.00028869573412454295
lineage,legacy,M1,206,2,0,0,0.0,2,0,0,0,0.0,0.004298208829248766,0.9954130954366261,0.00028869573412454295
lineage,legacy,M1,207,2,0,0,0.0,2,0,0,0,0.0,0.004298208829248766,0.9954130954366261,0.00028869573412454295
lineage,legacy,M1,208,2,0,0,0.0,2,0,0,0,0.0,0.004298208829248766,0.9954130954366261,0.00028869573412454295
lineage,legacy,M1,209,2,0,0,0.0,2,0,0,0,0.0,0.004298208829248766,0.9954130954366261,0.00028869573412454295
lineage,legacy,M1,210,2,0,0,0.0,2,0,0,0,0.0,0.004298208829248766,0.9954130954366261,0.00028869573412454295
lineage,legacy,M1,211,2,0,0,0.0,2,0,0,0,0.0,0.004298208829248766,0.9954130954366261,0.00028869573412454295
lineage,legacy,M1,212,2,0,0,0.0,2,0,0,0,0.0,0.004298208829248766,0.9954130954366261,0.00028869573412454295
lineage,legacy,M1,213,2,0,0,0.0,2,0,0,0,0.0,0.004298208829248766,0.9954130954366261,0.00028869573412454295
lineage,legacy,M1,214,2,0,0,0.0,2,0,0,0,0.0,0.004298208829248766,0.9954130954366261,0.00028869573412454295
lineage,legacy,M1,215,2,0,0,0.0,2,0,0,0,0.0,0.004298208829248766,0.9954130954366261,0.00028869573412454295
lineage,legacy,M1,216,2,0,0,0.0,2,0,0,0,0.0,0.004298208829248766,0.9954130954366261,0.00028869573412454295
lineage,legacy,M1,217,2,0,0,0.0,2,0,0,0,0.0,0.004298208829248766,0.9954130954366261,0.00028869573412454295
lineage,legacy,M1,218,2,0,0,0.0,2,0,0,0,0.0,0.004298208829248766,0.9954130954366261,0.00028869573412454295
lineage,legacy,M1,219,2,0,0,0.0,2,0,0,0,0.0,0.004298208829248766,0.9954130954366261,0.00028869573412454295
lineage,legacy,M1,220,2,0,0,0.0,2,0,0,0,0.0,0.004298208829248766,0.9954130954366261,0.00028869573412454295
lineage,legacy,M1,221,2,0,0,0.0,2,0,0,0,0.0,0.004298208829248766,0.9954130954366261,0.00028869573412454295
lineage,legacy,M1,222,2,0,0,0.0,2,0,0,0,0.0,0.004298208829248766,0.9954130954366261,0.00028869573412454295
lineage,legacy,M1,223,2,0,0,0.0,2,0,0,0,0.0,0.004298208829248766,0.9954130954366261,0.00028869573412454295
lineage,legacy,M1,224,2,0,0,0.0,2,0,0,0,0.0,0.004298208829248766,0.9954130954366261,0.00028869573412454295
lineage,legacy,M1,225,2,0,0,0.0,2,0,0,0,0.0,0.004298208829248766,0.9954130954366261,0.00028869573412454295
lineage,legacy,M1,226,2,0,0,0.0,2,0,0,0,0.0,0.004298208829248766,0.9954130954366261,0.00028869573412454295
lineage,legacy,M1,227,2,0,0,0.0,2,0,0,0,0.0,0.004298208829248766,0.9954130954366261,0.00028869573412454295
lineage,legacy,M1,228,2,0,0,0.0,2,0,0,0,0.0,0.004298208829248766,0.9954130954366261,0.00028869573412454295
lineage,legacy,M1,229,2,0,0,0.0,2,0,0,0,0.0,0.004298208829248766,0.9954130954366261,0.00028869573412454295
lineage,legacy,M1,230,2,0,0,0.0,2,0,1,0,0.0,0.004298208829248766,0.9955574433036884,0.00014434786706227147
lineage,legacy,M1,231,1,0,0,0.0,1,0,0,0,0.0,0.004298208829248766,0.9955574433036884,0.00014434786706227147
lineage,legacy,M1,232,1,0,0,0.0,1,0,0,0,0.0,0.004298208829248766,0.9955574433036884,0.00014434786706227147
lineage,legacy,M1,233,1,0,0,0.0,1,0,0,0,0.0,0.004298208829248766,0.9955574433036884,0.00014434786706227147
lineage,legacy,M1,234,1,0,0,0.0,1,0,0,0,0.0,0.004298208829248766,0.9955574433036884,0.00014434786706227147
lineage,legacy,M1,235,1,0,0,0.0,1,0,0,0,0.0,0.004298208829248766,0.9955574433036884,0.00014434786706227147
lineage,legacy,M1,236,1,0,0,0.0,1,0,0,0,0.0,0.004298208829248766,0.9955574433036884,0.00014434786706227147
lineage,legacy,M1,237,1,0,0,0.0,1,0,0,0,0.0,0.004298208829248766,0.9955574433036884,0.00014434786706227147
lineage,legacy,M1,238,1,0,0,0.0,1,0,1,0,0.0,0.004298208829248766,0.9957017911707507,0.0
lineage,legacy,M1,239,0,0,0,0.0,0,0,0,0,0.0,0.004298208829248766,0.9957017911707507,0.0
lineage,legacy,M1,240,0,0,0,0.0,0,0,0,0,0.0,0.004298208829248766,0.9957017911707507,0.0
lineage,legacy,M1,241,0,0,0,0.0,0,0,0,0,0.0,0.004298208829248766,0.9957017911707507,0.0
contiguous,primary,M0,1,8848,2427,7,0.2742992766726944,6414,126,405,0,0.019644527595884004,0.014256047885756238,0.3201222877340537,0.6656216643801901
contiguous,primary,M0,2,5883,1438,1,0.24443311235764065,4444,119,485,0,0.02677767776777678,0.027723122824339724,0.5377090808381764,0.43456779633748394
contiguous,primary,M0,3,3840,797,0,0.20755208333333333,3043,101,463,0,0.03319093000328623,0.039153161217591256,0.6803016390114134,0.28054519977099546
contiguous,primary,M0,4,2479,471,0,0.1899959661153691,2008,48,380,0,0.02390438247011952,0.044585258671809805,0.7766082001268297,0.17880654120136055
contiguous,primary,M0,5,1580,291,0,0.18417721518987343,1289,36,258,0,0.027928626842513578,0.048659331762473716,0.8387378147594544,0.112602853478072
contiguous,primary,M0,6,995,160,0,0.16080402010050251,835,22,189,0,0.026347305389221556,0.051149043095657216,0.8782336899995018,0.07061726690484113
contiguous,primary,M0,7,624,96,0,0.15384615384615385,528,18,125,0,0.03409090909090909,0.053186079640989176,0.9032439720282998,0.043569948330711275
contiguous,primary,M0,8,385,58,0,0.15064935064935064,327,9,76,0,0.027522935779816515,0.05420459791365515,0.9184085774213265,0.027386824665018517
contiguous,primary,M0,9,242,35,0,0.1446280991735537,207,2,42,0,0.00966183574879227,0.054430935307580926,0.9271225670874688,0.018446497604950488
contiguous,primary,M0,10,163,28,0,0.17177914110429449,135,5,44,0,0.037037037037037035,0.05499677879239536,0.9352707132687965,0.009732507938808234
contiguous,primary,M0,11,86,18,0,0.20930232558139536,68,1,17,0,0.014705882352941176,0.05510994748935825,0.9392316176624975,0.005658434848144322
contiguous,primary,M0,12,50,7,0,0.14,43,1,13,0,0.023255813953488372,0.055223116186321135,0.9414949916017553,0.003281892211923707
contiguous,primary,M0,13,29,5,0,0.1724137931034483,24,0,7,0,0.0,0.055223116186321135,0.94285301596531,0.0019238678483690693
contiguous,primary,M0,14,17,4,0,0.23529411764705882,13,0,5,0,0.0,0.055223116186321135,0.943871534237976,0.0009053495757030914
contiguous,primary,M0,15,8,3,0,0.375,5,0,2,0,0.0,0.055223116186321135,0.9444373777227903,0.00033950609088865923
contiguous,primary,M0,16,3,0,0,0.0,3,0,0,0,0.0,0.055223116186321135,0.9444373777227903,0.00033950609088865923
contiguous,primary,M0,17,3,2,0,0.6666666666666666,1,0,0,0,0.0,0.055223116186321135,0.9446637151167161,0.00011316869696288642
contiguous,primary,M0,18,1,0,0,0.0,1,0,1,0,0.0,0.055223116186321135,0.944776883813679,0.0
contiguous,primary,M0,19,0,0,0,0.0,0,0,0,0,0.0,0.055223116186321135,0.944776883813679,0.0
contiguous,primary,M0,20,0,0,0,0.0,0,0,0,0,0.0,0.055223116186321135,0.944776883813679,0.0
contiguous,primary,M0,21,0,0,0,0.0,0,0,0,0,0.0,0.055223116186321135,0.944776883813679,0.0
contiguous,primary,M0,22,0,0,0,0.0,0,0,0,0,0.0,0.055223116186321135,0.944776883813679,0.0
contiguous,primary,M0,23,0,0,0,0.0,0,0,0,0,0.0,0.055223116186321135,0.944776883813679,0.0
contiguous,primary,M0,24,0,0,0,0.0,0,0,0,0,0.0,0.055223116186321135,0.944776883813679,0.0
contiguous,primary,M0,25,0,0,0,0.0,0,0,0,0,0.0,0.055223116186321135,0.944776883813679,0.0
contiguous,primary,M0,26,0,0,0,0.0,0,0,0,0,0.0,0.055223116186321135,0.944776883813679,0.0
contiguous,primary,M0,27,0,0,0,0.0,0,0,0,0,0.0,0.055223116186321135,0.944776883813679,0.0
contiguous,primary,M0,28,0,0,0,0.0,0,0,0,0,0.0,0.055223116186321135,0.944776883813679,0.0
contiguous,primary,M1,1,8848,1832,1,0.2070524412296564,7015,100,431,0,0.014255167498218105,0.011303600267574394,0.25577095838290204,0.7329254413495235
contiguous,primary,M1,2,6484,1336,0,0.20604565083281925,5148,99,528,0,0.019230769230769232,0.022494164532473042,0.4664700673704887,0.5110357680970382
contiguous,primary,M1,3,4521,912,0,0.20172528201725282,3609,70,509,0,0.019395954558049322,0.030406684719775118,0.6270942271727208,0.34249908810750407
contiguous,primary,M1,4,3030,539,0,0.1778877887788779,2491,32,452,0,0.012846246487354477,0.03402383680539892,0.7391129058243829,0.22686325737021804
contiguous,primary,M1,5,2007,357,0,0.17787742899850523,1650,19,334,0,0.011515151515151515,0.03617152085623806,0.8172207836733221,0.14660769547043986
contiguous,primary,M1,6,1297,213,0,0.16422513492675406,1084,7,238,0,0.006457564575645757,0.03696277287496826,0.8682000208800825,0.09483720624494915
contiguous,primary,M1,7,839,140,0,0.16686531585220502,699,5,200,0,0.00715307582260372,0.03752795288834698,0.9066322617898355,0.05583978532181749
contiguous,primary,M1,8,494,69,0,0.1396761133603239,425,6,115,0,0.01411764705882353,0.03820616890440145,0.9274308862821723,0.03436294481342615
contiguous,primary,M1,9,304,40,0,0.13157894736842105,264,3,69,0,0.011363636363636364,0.03854527691242868,0.9397518105738283,0.021702912513742834
contiguous,primary,M1,10,192,30,0,0.15625,162,0,50,0,0.0,0.03854527691242868,0.9487946907878878,0.01266003229968332
contiguous,primary,M1,11,112,17,0,0.15178571428571427,95,2,24,0,0.021052631578947368,0.03877134891778017,0.9534291668975934,0.007799484184626331
contiguous,primary,M1,12,69,11,0,0.15942028985507245,58,0,13,0,0.0,0.03877134891778017,0.9561420309618112,0.005086620120408477
contiguous,primary,M1,13,45,6,0,0.13333333333333333,39,0,14,0,0.0,0.03877134891778017,0.958402751015326,0.0028259000668935984
contiguous,primary,M1,14,25,4,0,0.16,21,0,7,0,0.0,0.03877134891778017,0.9596461470447591,0.0015825040374604154
contiguous,primary,M1,15,14,2,0,0.14285714285714285,12,0,2,0,0.0,0.03877134891778017,0.9600982910554622,0.0011303600267574398
contiguous,primary,M1,16,10,1,0,0.1,9,0,0,0,0.0,0.03877134891778017,0.9602113270581379,0.0010173240240816958
contiguous,primary,M1,17,9,1,0,0.1111111111111111,8,0,0,0,0.0,0.03877134891778017,0.9603243630608137,0.0009042880214059518
contiguous,primary,M1,18,8,0,0,0.0,8,0,1,0,0.0,0.03877134891778017,0.9604373990634895,0.0007912520187302078
contiguous,primary,M1,19,7,1,0,0.14285714285714285,6,0,0,0,0.0,0.03877134891778017,0.9605504350661652,0.0006782160160544639
contiguous,primary,M1,20,6,1,0,0.16666666666666666,5,0,1,0,0.0,0.03877134891778017,0.9607765070715167,0.000452144010702976
contiguous,primary,M1,21,4,1,0,0.25,3,0,0,0,0.0,0.03877134891778017,0.9608895430741925,0.000339108008027232
contiguous,primary,M1,22,3,1,0,0.3333333333333333,2,0,0,0,0.0,0.03877134891778017,0.9610025790768683,0.00022607200535148804
contiguous,primary,M1,23,2,0,0,0.0,2,0,0,0,0.0,0.03877134891778017,0.9610025790768683,0.00022607200535148804
contiguous,primary,M1,24,2,0,0,0.0,2,0,0,0,0.0,0.03877134891778017,0.9610025790768683,0.00022607200535148804
contiguous,primary,M1,25,2,0,0,0.0,2,0,1,0,0.0,0.03877134891778017,0.961115615079544,0.00011303600267574402
contiguous,primary,M1,26,1,0,0,0.0,1,0,0,0,0.0,0.03877134891778017,0.961115615079544,0.00011303600267574402
contiguous,primary,M1,27,1,0,0,0.0,1,0,0,0,0.0,0.03877134891778017,0.961115615079544,0.00011303600267574402
contiguous,primary,M1,28,1,0,0,0.0,1,0,1,0,0.0,0.03877134891778017,0.9612286510822198,0.0
contiguous,legacy,M0,1,8848,2427,7,0.2742992766726944,6414,14,492,15,0.002182725288431556,0.0015840053206395818,0.32996574936945683,0.6684502453099036
contiguous,legacy,M0,2,5893,1440,1,0.24435771254030206,4452,16,574,13,0.0035938903863432167,0.0033993126788389415,0.5584308737357907,0.43816981358537044
contiguous,legacy,M0,3,3849,799,0,0.20758638607430502,3050,11,547,9,0.0036065573770491803,0.00465155168882571,0.7116593925941717,0.28368905571700265
contiguous,legacy,M0,4,2483,472,0,0.1900926298832058,2011,3,422,4,0.0014917951268025858,0.004994309307493052,0.8138011629570393,0.18120452773546766
contiguous,legacy,M0,5,1582,291,0,0.18394437420986093,1291,3,289,2,0.0023237800154918666,0.00533793356994969,0.8802351870319896,0.1144268793980608
contiguous,legacy,M0,6,997,160,0,0.160481444332999,837,3,209,0,0.0035842293906810036,0.005682247148880666,0.9225857572404995,0.07173199561061987
contiguous,legacy,M0,7,625,96,0,0.1536,529,0,143,1,0.0,0.005682247148880666,0.9500160723620006,0.04430168048911883
contiguous,legacy,M0,8,385,58,0,0.15064935064935064,327,0,85,0,0.0,0.005682247148880666,0.966470982257959,0.027846770593160406
contiguous,legacy,M0,9,242,35,0,0.1446280991735537,207,0,44,0,0.0,0.005682247148880666,0.9755614569557263,0.018756295895393165
contiguous,legacy,M0,10,163,28,0,0.17177914110429449,135,1,48,0,0.007407407407407408,0.0057973164488524034,0.9843067237535783,0.0098959597975694
contiguous,legacy,M0,11,86,18,0,0.20930232558139536,68,1,17,0,0.014705882352941176,0.005912385748824141,0.9883341492525891,0.0057534649985868614
contiguous,legacy,M0,12,50,7,0,0.14,43,0,14,0,0.0,0.005912385748824141,0.9907506045519956,0.0033370096991803795
contiguous,legacy,M0,13,29,5,0,0.1724137931034483,24,0,7,0,0.0,0.005912385748824141,0.9921314361516564,0.0019561780995195326
contiguous,legacy,M0,14,17,4,0,0.23529411764705882,13,0,5,0,0.0,0.005912385748824141,0.9931670598514021,0.0009205543997738977
contiguous,legacy,M0,15,8,3,0,0.375,5,0,2,0,0.0,0.005912385748824141,0.9937424063512608,0.0003452078999152116
contiguous,legacy,M0,16,3,0,0,0.0,3,0,0,0,0.0,0.005912385748824141,0.9937424063512608,0.0003452078999152116
contiguous,legacy,M0,17,3,2,0,0.6666666666666666,1,0,0,0,0.0,0.005912385748824141,0.9939725449512042,0.00011506929997173722
contiguous,legacy,M0,18,1,0,0,0.0,1,0,1,0,0.0,0.005912385748824141,0.994087614251176,0.0
contiguous,legacy,M0,19,0,0,0,0.0,0,0,0,0,0.0,0.005912385748824141,0.994087614251176,0.0
contiguous,legacy,M0,20,0,0,0,0.0,0,0,0,0,0.0,0.005912385748824141,0.994087614251176,0.0
contiguous,legacy,M0,21,0,0,0,0.0,0,0,0,0,0.0,0.005912385748824141,0.994087614251176,0.0
contiguous,legacy,M0,22,0,0,0,0.0,0,0,0,0,0.0,0.005912385748824141,0.994087614251176,0.0
contiguous,legacy,M0,23,0,0,0,0.0,0,0,0,0,0.0,0.005912385748824141,0.994087614251176,0.0
contiguous,legacy,M0,24,0,0,0,0.0,0,0,0,0,0.0,0.005912385748824141,0.994087614251176,0.0
contiguous,legacy,M0,25,0,0,0,0.0,0,0,0,0,0.0,0.005912385748824141,0.994087614251176,0.0
contiguous,legacy,M0,26,0,0,0,0.0,0,0,0,0,0.0,0.005912385748824141,0.994087614251176,0.0
contiguous,legacy,M0,27,0,0,0,0.0,0,0,0,0,0.0,0.005912385748824141,0.994087614251176,0.0
contiguous,legacy,M0,28,0,0,0,0.0,0,0,0,0,0.0,0.005912385748824141,0.994087614251176,0.0
contiguous,legacy,M1,1,8848,1832,1,0.2070524412296564,7015,14,511,4,0.0019957234497505346,0.001582504037460415,0.26481383859696156,0.7336036573655781
contiguous,legacy,M1,2,6486,1336,0,0.20598211532531607,5150,12,609,4,0.002330097087378641,0.0029397725987288298,0.4848044512358838,0.5122557761653874
contiguous,legacy,M1,3,4525,913,0,0.20176795580110496,3612,8,571,1,0.0022148394241417496,0.0038454181698499568,0.6528017046788528,0.34335287715129725
contiguous,legacy,M1,4,3032,539,0,0.17777044854881266,2493,0,482,1,0.0,0.0038454181698499568,0.7684228417406848,0.22773174008946528
contiguous,legacy,M1,5,2010,357,0,0.17761194029850746,1653,1,354,0,0.0006049606775559589,0.003958717543028795,0.848978696070839,0.1470625863861323
contiguous,legacy,M1,6,1298,213,0,0.16409861325115563,1085,1,243,0,0.0009216589861751152,0.0040720169162076335,0.9006432102403893,0.09528477284340311
contiguous,legacy,M1,7,841,140,0,0.16646848989298454,701,0,204,1,0.0,0.0040720169162076335,0.9396181946139097,0.05630978846988269
contiguous,legacy,M1,8,496,69,0,0.13911290322580644,427,1,119,0,0.00234192037470726,0.004185544715542075,0.9609614208887847,0.03485303439567335
contiguous,legacy,M1,9,307,40,0,0.13029315960912052,267,1,71,0,0.003745318352059925,0.004299072514876516,0.9735630066149076,0.022137920870215974
contiguous,legacy,M1,10,195,31,0,0.15897435897435896,164,0,52,0,0.0,0.004299072514876516,0.9829858139596661,0.012715113525457379
contiguous,legacy,M1,11,112,17,0,0.15178571428571427,95,0,26,0,0.0,0.004299072514876516,0.9878675093310472,0.007833418154076422
contiguous,legacy,M1,12,69,11,0,0.15942028985507245,58,0,13,0,0.0,0.004299072514876516,0.9905921765150737,0.00510875097004984
contiguous,legacy,M1,13,45,6,0,0.13333333333333333,39,0,14,0,0.0,0.004299072514876516,0.9928627325017625,0.002838194983361022
contiguous,legacy,M1,14,25,4,0,0.16,21,0,7,0,0.0,0.004299072514876516,0.9941115382944413,0.0015893891906821726
contiguous,legacy,M1,15,14,2,0,0.14285714285714285,12,0,2,0,0.0,0.004299072514876516,0.9945656494917791,0.0011352779933444092
contiguous,legacy,M1,16,10,1,0,0.1,9,0,0,0,0.0,0.004299072514876516,0.9946791772911135,0.0010217501940099683
contiguous,legacy,M1,17,9,1,0,0.1111111111111111,8,0,0,0,0.0,0.004299072514876516,0.994792705090448,0.0009082223946755274
contiguous,legacy,M1,18,8,0,0,0.0,8,0,1,0,0.0,0.004299072514876516,0.9949062328897825,0.0007946945953410864
contiguous,legacy,M1,19,7,1,0,0.14285714285714285,6,0,0,0,0.0,0.004299072514876516,0.995019760689117,0.0006811667960066456
contiguous,legacy,M1,20,6,1,0,0.16666666666666666,5,0,1,0,0.0,0.004299072514876516,0.995246816287786,0.0004541111973377638
contiguous,legacy,M1,21,4,1,0,0.25,3,0,0,0,0.0,0.004299072514876516,0.9953603440871205,0.00034058339800332283
contiguous,legacy,M1,22,3,1,0,0.3333333333333333,2,0,0,0,0.0,0.004299072514876516,0.995473871886455,0.00022705559866888192
contiguous,legacy,M1,23,2,0,0,0.0,2,0,0,0,0.0,0.004299072514876516,0.995473871886455,0.00022705559866888192
contiguous,legacy,M1,24,2,0,0,0.0,2,0,0,0,0.0,0.004299072514876516,0.995473871886455,0.00022705559866888192
contiguous,legacy,M1,25,2,0,0,0.0,2,0,1,0,0.0,0.004299072514876516,0.9955873996857895,0.00011352779933444096
contiguous,legacy,M1,26,1,0,0,0.0,1,0,0,0,0.0,0.004299072514876516,0.9955873996857895,0.00011352779933444096
contiguous,legacy,M1,27,1,0,0,0.0,1,0,0,0,0.0,0.004299072514876516,0.9955873996857895,0.00011352779933444096
contiguous,legacy,M1,28,1,0,0,0.0,1,0,1,0,0.0,0.004299072514876516,0.995700927485124,0.0
