metric,m0,m1,diff,ci_low,ci_high,n_prompts,n_m0,n_m1,direction,contrast,m0_tag,m1_tag
semantic_capture_rate,0.25949367088607594,0.6057866184448463,0.3462929475587703,0.3308063969258589,0.3617766726943942,1106,8848,8848,m1_higher,1.7B s42,qwen3-1.7b-cleanv2,qwen3-1.7b-keep4-s42
stable_orbit_rate,0.06498643761301989,0.22875226039783003,0.16376582278481014,0.15167269439421338,0.1762008363471971,1106,8848,8848,m1_higher,1.7B s42,qwen3-1.7b-cleanv2,qwen3-1.7b-keep4-s42
hit_max_rate,0.18026672694394213,0.546112115732369,0.3658453887884268,0.35013279837251354,0.38178119349005424,1106,8848,8848,m1_higher,1.7B s42,qwen3-1.7b-cleanv2,qwen3-1.7b-keep4-s42
runaway_any_rate,0.17992766726943943,0.5417043399638336,0.3617766726943942,0.3459538878842676,0.37782549728752257,1106,8848,8848,m1_higher,1.7B s42,qwen3-1.7b-cleanv2,qwen3-1.7b-keep4-s42
json_list_complete_rate,0.8176989150090416,0.4518535262206148,-0.36584538878842676,-0.3816681735985533,-0.3500169529837252,1106,8848,8848,m1_lower,1.7B s42,qwen3-1.7b-cleanv2,qwen3-1.7b-keep4-s42
gen_tokens_mean,8684.531871609403,18020.635736889693,9336.10386528029,8961.765107933996,9710.834321315551,1106,8848,8848,m1_higher,1.7B s42,qwen3-1.7b-cleanv2,qwen3-1.7b-keep4-s42
n_blocks_mean,150.90382007233273,317.6117766726944,166.70795660036168,159.56728639240507,173.7434081148282,1106,8848,8848,m1_higher,1.7B s42,qwen3-1.7b-cleanv2,qwen3-1.7b-keep4-s42
out_of_candidate_block_rate,0.040898284749377886,0.16988283378746594,0.12898454903808804,0.11712019940572362,0.14111160615178825,1106,8848,8848,m1_higher,1.7B s42,qwen3-1.7b-cleanv2,qwen3-1.7b-keep4-s42
out_of_text_endpoint_rate,0.01702475115535016,0.05719346049046321,0.04016870933511305,0.03351048394174857,0.047623050665022884,1106,8848,8848,m1_higher,1.7B s42,qwen3-1.7b-cleanv2,qwen3-1.7b-keep4-s42
strict_f1,0.06509728106892936,0.05224098842278953,-0.012856292646139827,-0.01578145427185027,-0.009276016394603974,1106,8848,8848,m1_lower,1.7B s42,qwen3-1.7b-cleanv2,qwen3-1.7b-keep4-s42
relaxed_f1,0.25768207421501127,0.19002093083939883,-0.06766114337561244,-0.07462166757367944,-0.060658758077861814,1106,8848,8848,m1_lower,1.7B s42,qwen3-1.7b-cleanv2,qwen3-1.7b-keep4-s42
semantic_capture_rate,0.05515370705244123,0.32301084990958406,0.26785714285714285,0.2512403933092224,0.2840218128390597,1106,8848,8848,m1_higher,4B s42,qwen3-4b-cleanv2-s42,qwen3-4b-keep4-s42
stable_orbit_rate,0.00599005424954792,0.07041139240506329,0.06442133815551537,0.05764014466546113,0.07109233725135622,1106,8848,8848,m1_higher,4B s42,qwen3-4b-cleanv2-s42,qwen3-4b-keep4-s42
hit_max_rate,0.011415009041591321,0.21055605786618445,0.19914104882459313,0.18433261754068717,0.2147377938517179,1106,8848,8848,m1_higher,4B s42,qwen3-4b-cleanv2-s42,qwen3-4b-keep4-s42
runaway_any_rate,0.010962929475587703,0.20976491862567812,0.19880198915009042,0.18388336347197107,0.21428571428571427,1106,8848,8848,m1_higher,4B s42,qwen3-4b-cleanv2-s42,qwen3-4b-keep4-s42
json_list_complete_rate,0.9873417721518988,0.7868444846292948,-0.20049728752260398,-0.2158708182640145,-0.185688856238698,1106,8848,8848,m1_lower,4B s42,qwen3-4b-cleanv2-s42,qwen3-4b-keep4-s42
gen_tokens_mean,4733.512658227848,11000.774525316456,6267.261867088608,5935.103023282098,6622.20880142405,1106,8848,8848,m1_higher,4B s42,qwen3-4b-cleanv2-s42,qwen3-4b-keep4-s42
n_blocks_mean,80.91478300180832,192.67246835443038,111.75768535262206,105.54936143761302,118.2213099005425,1106,8848,8848,m1_higher,4B s42,qwen3-4b-cleanv2-s42,qwen3-4b-keep4-s42
out_of_candidate_block_rate,0.027345255790861518,0.27110438095038486,0.24375912515952333,0.23117393028454072,0.2570233549274266,1106,8848,8848,m1_higher,4B s42,qwen3-4b-cleanv2-s42,qwen3-4b-keep4-s42
out_of_text_endpoint_rate,0.011093495245966308,0.1307263857814293,0.119632890535463,0.10876756201328211,0.1310772894567055,1106,8848,8848,m1_higher,4B s42,qwen3-4b-cleanv2-s42,qwen3-4b-keep4-s42
strict_f1,0.09074541474238673,0.08217328712540317,-0.00857212761698356,-0.01066946878117974,-0.006439513648434465,1106,8848,8848,m1_lower,4B s42,qwen3-4b-cleanv2-s42,qwen3-4b-keep4-s42
relaxed_f1,0.33887731691553613,0.2913094407817419,-0.04756787613379421,-0.05222430319188226,-0.04283200661846722,1106,8848,8848,m1_lower,4B s42,qwen3-4b-cleanv2-s42,qwen3-4b-keep4-s42
semantic_capture_rate,0.04396473779385172,0.33374773960216997,0.28978300180831823,0.27248530741410487,0.3070750452079566,1106,8848,8848,m1_higher,4B s123,qwen3-4b-cleanv2-s123,qwen3-4b-keep4-s123
stable_orbit_rate,0.005085895117540687,0.08476491862567812,0.07967902350813742,0.07210386528028932,0.08725135623869802,1106,8848,8848,m1_higher,4B s123,qwen3-4b-cleanv2-s123,qwen3-4b-keep4-s123
hit_max_rate,0.00949367088607595,0.22050180831826402,0.21100813743218808,0.19518252712477394,0.22750904159132007,1106,8848,8848,m1_higher,4B s123,qwen3-4b-cleanv2-s123,qwen3-4b-keep4-s123
runaway_any_rate,0.008928571428571428,0.21925858951175406,0.21033001808318263,0.1943913878842676,0.22649468806509945,1106,8848,8848,m1_higher,4B s123,qwen3-4b-cleanv2-s123,qwen3-4b-keep4-s123
json_list_complete_rate,0.9888110307414105,0.7768987341772152,-0.2119122965641953,-0.22818716094032554,-0.1959736663652802,1106,8848,8848,m1_lower,4B s123,qwen3-4b-cleanv2-s123,qwen3-4b-keep4-s123
gen_tokens_mean,4638.57075045208,11155.988584990959,6517.417834538879,6144.027031532549,6895.68220784358,1106,8848,8848,m1_higher,4B s123,qwen3-4b-cleanv2-s123,qwen3-4b-keep4-s123
n_blocks_mean,79.03537522603979,194.50825045207958,115.47287522603979,108.97933431283906,122.3025316455696,1106,8848,8848,m1_higher,4B s123,qwen3-4b-cleanv2-s123,qwen3-4b-keep4-s123
out_of_candidate_block_rate,0.02503588938769055,0.2672544215501198,0.24221853216242925,0.22968894471284082,0.2542744635894019,1106,8848,8848,m1_higher,4B s123,qwen3-4b-cleanv2-s123,qwen3-4b-keep4-s123
out_of_text_endpoint_rate,0.00886893682251177,0.13177357379068427,0.1229046369681725,0.11194854761516494,0.1333685690425119,1106,8848,8848,m1_higher,4B s123,qwen3-4b-cleanv2-s123,qwen3-4b-keep4-s123
strict_f1,0.09235930082083069,0.08156266336794427,-0.01079663745288642,-0.012958843863410719,-0.008611913256281195,1106,8848,8848,m1_lower,4B s123,qwen3-4b-cleanv2-s123,qwen3-4b-keep4-s123
relaxed_f1,0.3389392650684042,0.2917691091031524,-0.047170155965251814,-0.052020917142013866,-0.04221915429459527,1106,8848,8848,m1_lower,4B s123,qwen3-4b-cleanv2-s123,qwen3-4b-keep4-s123
semantic_capture_rate,0.07131555153707052,0.3178119349005425,0.24649638336347196,0.2304475587703436,0.2626610533453888,1106,8848,8848,m1_higher,8B s42,qwen3-8b-cleanv2,qwen3-8b-keep4-s42
stable_orbit_rate,0.005085895117540687,0.06204792043399638,0.056962025316455694,0.05085895117540687,0.06296055605786614,1106,8848,8848,m1_higher,8B s42,qwen3-8b-cleanv2,qwen3-8b-keep4-s42
hit_max_rate,0.018309222423146473,0.2587025316455696,0.24039330922242313,0.22423146473779387,0.2570100587703436,1106,8848,8848,m1_higher,8B s42,qwen3-8b-cleanv2,qwen3-8b-keep4-s42
runaway_any_rate,0.018083182640144666,0.2563291139240506,0.23824593128390595,0.22219428119349005,0.2549728752260398,1106,8848,8848,m1_higher,8B s42,qwen3-8b-cleanv2,qwen3-8b-keep4-s42
json_list_complete_rate,0.9799954792043399,0.7384719710669078,-0.24152350813743217,-0.2581402576853526,-0.22524864376130205,1106,8848,8848,m1_lower,8B s42,qwen3-8b-cleanv2,qwen3-8b-keep4-s42
gen_tokens_mean,5165.542495479204,11841.471971066907,6675.929475587703,6301.38894948011,7046.9787494349,1106,8848,8848,m1_higher,8B s42,qwen3-8b-cleanv2,qwen3-8b-keep4-s42
n_blocks_mean,88.6495253164557,207.747965641953,119.0984403254973,112.30179701627488,126.04886132459313,1106,8848,8848,m1_higher,8B s42,qwen3-8b-cleanv2,qwen3-8b-keep4-s42
out_of_candidate_block_rate,0.0218035249861994,0.23393514211733196,0.21213161713113257,0.20166874538803506,0.22269470646683837,1106,8848,8848,m1_higher,8B s42,qwen3-8b-cleanv2,qwen3-8b-keep4-s42
out_of_text_endpoint_rate,0.00722753063164065,0.07852893600127986,0.0713014053696392,0.06548014737519416,0.07741135929891292,1106,8848,8848,m1_higher,8B s42,qwen3-8b-cleanv2,qwen3-8b-keep4-s42
strict_f1,0.09737906248074464,0.08658889665394393,-0.010790165826800716,-0.012896676949287459,-0.008669695286323576,1106,8848,8848,m1_lower,8B s42,qwen3-8b-cleanv2,qwen3-8b-keep4-s42
relaxed_f1,0.3538677417705507,0.29783248090097914,-0.05603526086957156,-0.06108324169237585,-0.05110359458740544,1106,8848,8848,m1_lower,8B s42,qwen3-8b-cleanv2,qwen3-8b-keep4-s42
